id	name
171	Sarlat-la-Canéda
5	Apt
56	Bordeaux
153	Condom
106	Dieppe
278	Tarbes
296	Château-Thierry
7	Alès
267	Valenciennes
236	Lac Léman
110	Loches
207	Épinal
243	Laon
285	Haguenau
323	Charolles
51	Grasse
205	Sarreguemines
188	Saint-Lô
162	Rochechouart
245	Saint-Denis
186	Thann
3	La Rochelle
235	Montmorillon
223	Bourges
30	Bergerac
180	Avesnes-sur-Helpe
319	Bobigny
31	Thonon-les-Bains
4	Forcalquier
15	Tours
21	Paris, 7e arrondissement
28	Nyons
2	Rodez
8	Briançon
75	Reims
260	Millau
264	Saint-Omer
270	Romorantin-Lanthenay
237	Palaiseau
90	Paris, 4e arrondissement
125	Bernay
249	Bastia
40	Saverne
321	Mauriac
256	Moulins
77	Lisieux
224	Le Mans
225	Bar-sur-Aube
344	Ussel
340	Chaumont
190	Saint-Germain-en-Laye
261	Mirande
145	Angers
234	Aurillac
80	Le Havre
23	Lille
121	Péronne
154	Riom
325	Toul
269	Montargis
25	Paris, 15e arrondissement
157	Narbonne
221	Meaux
310	Die
199	Ajaccio
47	Paris, 18e arrondissement
99	Châteaulin
14	Troyes
114	Paris, 12e arrondissement
17	Lyon
65	Bonneville
169	Libourne
259	Metz-Ville
253	Vire
320	Wissembourg
311	Marmande
312	Tulle
35	Avignon
202	Castelsarrasin
124	Molsheim
9	Toulon
10	Aix-en-Provence
133	Antony
268	Beauvais
293	Saint-Quentin
43	Paris, 6e arrondissement
217	Nogent-le-Rotrou
174	Paris, 19e arrondissement
287	Pau
46	Marseille
135	Béziers
350	Vouziers
192	Gourdon
61	Montluçon
148	Saint-Nazaire
132	Paris, 3e arrondissement
341	Sainte-Menehould
22	Paris, 9e arrondissement
178	L'Haÿ-les-Roses
71	Rochefort
337	Cosne-Cours-sur-Loire
87	Paris, 1er arrondissement
215	Auxerre
313	Redon
273	Châteauroux
92	Sélestat-Erstein
134	Rambouillet
13	Draguignan
95	Florac
177	Paris, 13e arrondissement
222	Pontarlier
175	La Flèche
212	Castres
283	Château-Chinon (Ville)
301	Roanne
128	Montbéliard
140	Gap
44	Paris, 16e arrondissement
274	Fontenay-le-Comte
297	Issoudun
276	Parthenay
195	Brest
208	Saint-Jean-de-Maurienne
164	Boulogne-Billancourt
109	Nancy
277	Louhans
107	Rouen
292	Alençon
158	Dunkerque
170	Cahors
34	Arcachon
219	Mende
54	Perpignan
254	Nontron
142	Barcelonnette
284	Yssingeaux
290	Bellac
191	La Tour-du-Pin
168	Istres
216	Mortagne-au-Perche
58	Dijon
86	Paris, 12e arronissement
309	Le Vigan
108	Rennes
130	Autun
16	Ribeauvillé
305	Montauban
197	Coutances
172	Béthune
194	Blois
12	Albertville
39	Commercy
291	Confolens
150	Calais
333	Altkirch
73	Les Sables-d'Olonne
98	Pontivy
156	Châtellerault
326	Ambert
155	Saintes
166	Avranches
115	Paris, 20e arrondissement
218	Provins
214	Saint-Amand-Montrond
329	Clamecy
97	Cherbourg
317	Oloron-Sainte-Marie
62	Chambéry
248	Bar-le-Duc
295	Cholet
70	Poitiers
102	Grenoble
141	Annecy
143	Issoire
288	Sarrebourg
103	Lons-le-Saunier
314	Sedan
38	Verdun
160	Douai
165	Melun
349	Aubusson
89	Guéret
167	Brive-la-Gaillarde
271	Guingamp
193	Lodève
123	Pontoise
182	Castellane
64	Montpellier
275	Laval
78	Amiens
159	Abbeville
85	Fougères-Vitré
308	Nogent-sur-Seine
339	Saint-Jean-d'Angély
251	Lens
196	Gex
138	Calvi
330	Clermont
252	Saint-Girons
93	Torcy
185	Guebwiller
104	Dole
279	Charleville-Mézières
306	Jonzac
119	Strasbourg-Ville
88	Mont-de-Marsan
131	Limoux
231	Niort
302	Soissons
63	Limoges
37	Chalon-sur-Saône
183	Fontainebleau
83	Mantes-la-Jolie
213	Vierzon
68	Bourg-en-Bresse
220	Carpentras
246	Avallon
181	Cambrai
241	Villeneuve-sur-Lot
136	Saint-Malo
161	Orléans
152	Tournon-sur-Rhône
33	Blaye
116	Langon
226	Vendôme
6	Largentière
24	Nice
74	Épernay
210	Chartres
328	Rethel
139	Colmar
187	Créteil
258	Lunéville
129	Belfort
189	Villefranche-de-Rouergue
282	Mamers
60	Périgueux
173	Paris, 2e arrondissement
335	Nevers
105	Paris, 5e arrondissement
91	Montbard
179	Vitry-le-François
327	Montbrison
67	Saint-Flour
332	Segré
29	Bayonne
338	Nérac
57	Pamiers
227	Châteaubriant
315	Agen
263	La Roche-sur-Yon
82	Le Puy-en-Velay
257	Cognac
280	Compiègne
239	Belley
255	Morlaix
52	Paris, 8e arrondissement
49	Versailles
69	Saint-Étienne
324	Château-Gontier
117	Dax
118	Clermont-Ferrand
250	Thionville-Est
318	Mayenne
262	Nantua
346	Ancenis
59	Metz-Campagne
66	Mâcon
198	Figeac
11	Lesparre-Médoc
48	Évry
230	Saint-Gaudens
347	Château-Salins
76	Saumur
294	Montdidier
228	Les Andelys
265	Sens
18	Beaune
201	Neufchâteau
298	La Châtre
348	Vervins
304	Saint-Julien-en-Genevois
286	Boulay-Moselle
289	Argenteuil
331	Saint-Dizier
149	Argelès-Gazost
146	Bayeux
229	Thionville-Ouest
144	Digne-les-Bains
307	Auch
151	Toulouse
300	Dreux
79	Lorient
176	Muret
232	Villefranche-sur-Saône
36	Montreuil
345	Thiers
137	Corte
242	Valence
266	Nogent-sur-Marne
112	Brignoles
41	Caen
50	Strasbourg-Campagne
126	Lure
100	Dinan
147	Privas
247	Briey
53	Boulogne-sur-Mer
163	Senlis
342	Brioude
55	Céret
1	Nîmes
244	Prades
281	Vienne
303	Vesoul
20	Sartène
238	Étampes
45	Paris, 14e arrondissement
334	Langres
42	Paris, 11e arrondissement
81	Albi
94	Paris, 17e arrondissement
101	Quimper
127	Mulhouse
26	Évreux
299	Châlons-en-Champagne
322	Châteaudun
316	Bressuire
122	Argentan
111	Forbach
19	Arles
72	Nantes
240	Angoulême
113	Besançon
343	Pithiviers
84	Nanterre
184	Vichy
204	Bagnères-de-Bigorre
209	Sarcelles
203	Vannes
211	Lannion
96	Le Raincy
27	Carcassonne
233	Chinon
336	Saint-Claude
32	Foix
200	Saint-Brieuc
120	Arras
206	Saint-Dié-des-Vosges
272	Le Blanc
