id	name
3500	Cognac-Nord
929	Juvigny-sous-Andaine
1367	Blangy-le-Château
2035	Menat
2194	Sannois
1096	Saint-Jean-du-Gard
2620	Alençon  1er Canton
385	Aubière
3412	Courtomer
2063	La Grand-Combe
617	Dole-Sud-Ouest
1669	Saint-Amans-des-Cots
3549	Lisieux  2e  Canton
36	Thonon-les-Bains
1379	La Celle-Saint-Cloud
1727	Toulouse  8e  Canton
764	Quimperlé
1587	Montpezat-sous-Bauzon
2291	Roanne-Nord
3297	Tergnier
1243	Valensole
956	Neuilly-sur-Marne
1688	Cluny
3086	Mauléon
3366	Grandvilliers
81	Beaucaire
1855	Moulins
706	Écos
2361	Le Grand-Serre
1822	Hautefort
253	Angers
322	Lalbenque
1933	Le Malzieu-Ville
2083	Bourbon-l'Archambault
2839	Chaumont-Sud
1102	Crest-Sud
3556	Saint-Clair-sur-l'Elle
2575	Aigre
3296	Hirson
3633	Ancerville
644	Anduze
3130	Lembeye
521	Saint-Priest
25	Bonifacio
2186	Rosny-sous-Bois
409	Falaise
3223	Meilhan-sur-Garonne
749	Beaugency
1195	Le Mans-Sud-Ouest
3363	Montret
663	Pont-Scorff
9	Saint-Ambroix
1579	Marciac
3003	La Haye-Pesnel
3457	Le Chesne
3580	Cintegabelle
493	Nogent-le-Rotrou
3534	Mazières-en-Gâtine
3655	Chambéry-Nord
1744	Airvault
1321	Meyrueis
1303	Montmartin-sur-Mer
2380	Mirebeau-sur-Bèze
3205	Stenay
1954	Le Cannet
1508	Saint-Auban
67	Elne
1711	La Chapelle-en-Vercors
3282	Annot
2158	Chaumont-en-Vexin
1710	Boëge
66	Boulogne-sur-Mer-Nord-Ouest
885	Barjols
2198	Asfeld
669	Noirmoutier-en-l'Île
2984	Louviers-Nord
452	La Conca-d'Oro
2258	Alençon  3e  Canton
1364	Saint-Galmier
943	Limours
682	Savenay
2292	Durtal
2629	Pont-de-Chéruy
3145	Archiac
204	Montbéliard
414	Quettehou
714	Ferney-Voltaire
1555	Claye-Souilly
2612	Vézins-de-Lévézou
2626	Roybon
3349	Le Mans-Nord-Campagne
703	Oyonnax
1327	Istres-Sud
691	Mont-Louis
2348	Vertaizon
869	Courrières
471	Lacaune
1529	Saint-Macaire
2210	Mende
1099	Craonne
242	Barcelonnette
1346	Cunlhat
3295	Lille-Nord-Est
392	Labastide-Murat
1690	Groix
1646	Montauban
2227	L'Aigle
1392	Conflans-en-Jarnisy
978	Neuvy-Saint-Sépulchre
261	Lourdes
3171	Heuchin
2088	Blois  2e  Canton
1198	Bourgogne
2661	Saint-Porchaire
2596	Albertville-Nord
987	Villiers-sur-Marne
3184	Vesoul-Est
589	Hérouville-Saint-Clair
1344	Saint-Mihiel
1329	Bourg-la-Reine
1574	Antrain
1916	Yerville
2162	Berre-l'Étang
1790	Suippes
3095	Neuilly-l'Évêque
2674	Podensac
1996	Monsols
3061	Lhuis
1164	Mouthe
2482	Villeneuve-le-Roi
2873	Prahecq
287	Pleumartin
1815	Portes-lès-Valence
723	Ormesson-sur-Marne
1551	Grande-Synthe
3638	Argenton-l'Église
492	Calvi
724	Thônes
2740	Le Quesnoy-Ouest
3410	Ahun
1336	Dainville
3592	Issy-l'Évêque
1261	Jonzac
3111	Saint-Germain-du-Bois
3108	Raucourt-et-Flaba
2334	Ossun
2179	Péronnas
3153	Château-Landon
351	Fontainebleau
3653	Cerisiers
2203	Campan
2459	Pont-de-Roide
3289	Romorantin-Lanthenay-Sud
427	Blaye
2232	Dieulouard
2933	Preuilly-sur-Claise
3497	Montmirey-le-Château
97	Épernay
3401	Arinthod
1320	Martigues-Ouest
56	Marseille, 1er arrondissement
205	Belfort
3232	Blanzac-Porcheresse
2054	Ailly-sur-Noye
2097	Tournan-en-Brie
2124	Villers-Bocage
2397	Montbard
3244	Savigny-le-Temple
1880	Crest
64	Paris, 8e arrondissement
3026	Châteauneuf-la-Forêt
3091	Dijon  5e  Canton
2473	Aurec-sur-Loire
3172	Villefagnan
3468	Charenton-du-Cher
1788	Nantua
931	Le Catelet
2858	Mirecourt
190	Argelès-sur-Mer
1020	Calenzana
2052	Ploudalmézeau
2289	Fontenay-aux-Roses
1098	Thiais
3477	Colombey-les-Belles
3106	Charleville-Centre
1776	Le Grand-Quevilly
2627	Thenon
3383	Mondoubleau
2081	Luzech
1907	Landivisiau
3107	Rieupeyroux
3300	Ménigoute
540	Villefranche-sur-Saône
2937	Descartes
2274	Seiches-sur-le-Loir
3531	La Chèze
2177	Brest-Cavale-Blanche-Bohars-Guilers
942	Saint-Étienne-de-Baïgorry
2969	Izernore
1670	Nailloux
809	Mehun-sur-Yèvre
600	Dinan
725	Neuilly-en-Thelle
2510	La Tour-d'Auvergne
2533	Saint-Martin-d'Auxigny
2978	Saint-Michel-sur-Orge
1985	La Haye-du-Puits
1295	Ingré
2130	Songeons
1862	Pont-de-l'Arche
2388	Mitry-Mory
2117	Bourbourg
1852	Jurançon
1105	Cany-Barville
3317	Plouguenast
805	Secondigny
1598	Montbron
245	Champeix
1423	Cambremer
365	Soultz-Haut-Rhin
3538	Ennezat
1293	Semur-en-Brionnais
2844	Le Pecq
1485	Mélisey
2222	Boussières
433	Arras
2979	Alto-di-Casaconi
1030	Chaville
2069	Bourg-Argental
8	Apt
3585	Marquion
849	Vénissieux
3536	Perpignan  7e  Canton
1400	Neufchâtel-sur-Aisne
530	Maizières-lès-Metz
3284	Ambrières-les-Vallées
2637	Arc-en-Barrois
3078	Saint-Vaury
1992	Pujols
2346	Marcillac-Vallon
3052	Captieux
777	Sainte-Geneviève-des-Bois
1549	Annemasse-Nord
1097	Allos-Colmars
1297	Agen-Sud-Est
16	Beaufort
2051	Lizy-sur-Ourcq
1840	Bourg-de-Visa
2270	Olette
551	Kaysersberg
1248	Niederbronn-les-Bains
3174	Ervy-le-Châtel
3650	Anglure
890	Saint-Germain-en-Laye
426	Saint-Géry
1427	Carhaix-Plouguer
2742	Ligné
1213	Belin-Béliet
1229	Jegun
2039	Liévin
3085	Confolens-Nord
3257	Bletterans
2376	La Salvetat-sur-Agout
3201	Le Horps
1114	Saint-Chély-d'Aubrac
1987	Annonay-Nord
829	Gabarret
2587	Plancoët
2477	Cloyes-sur-le-Loir
2931	Chantonnay
291	Rue
1664	Fronton
916	Le Dorat
1374	Saint-Gervais-les-Bains
1228	Saint-Martin-Vésubie
1468	Bouaye
1750	Ligny-le-Châtel
2778	Vaubecourt
2782	Levroux
247	Toulon
2280	Roulans
1966	Mûr-de-Bretagne
2605	Latronquière
3400	Maignelay-Montigny
1896	Blangy-sur-Bresle
2639	Crécy-sur-Serre
3581	Grez-en-Bouère
2310	Saint-Pierre-le-Moûtier
2309	Badonviller
2061	Maisons-Laffitte
2014	Ruffieux
306	Saissac
1910	Val-de-Meuse
2588	Quesnoy-sur-Deûle
260	Saint-Nazaire
2074	Châtillon-sur-Seine
218	Paris, 3e arrondissement
496	Marseille, 5e arrondissement
2189	Guérigny
2701	Nocé
2003	Dun-le-Palestel
550	Mandelieu-Cannes-Ouest
2460	Pau-Sud
3161	Rabastens
3267	Laon-Sud
2248	San-Martino-di-Lota
334	La Flèche
1845	La Vallée-du-Sausseron
2664	Dannemarie
3256	Saint-Dizier-Sud-Est
1275	Écully
2264	Champs-sur-Tarentaine-Marchal
2828	Pélussin
732	Creil
748	Les Deux-Sorru
2321	Hazebrouck-Nord
2795	Algrange
835	Sigoulès
3644	Montélimar  1er Canton
771	La Roche-sur-Yon-Nord
1056	Sainte-Enimie
178	Auros
1006	Le Châtelet
2027	Marseille, 14e arrondissement
194	Beuzeville
1897	Gennevilliers
3542	Châteldon
2926	Sancoins
495	Montélimar  2e  Canton
2285	Lury-sur-Arnon
591	Plaisir
2719	Jarnac
3311	Prémery
2106	Montfaucon-Montigné
3147	Port-sur-Saône
122	Paris, 12e arronissement
167	Rennes
570	Savigny-sur-Orge
954	La Chapelle-la-Reine
1354	Orly
1615	Tinténiac
1137	Blois  1er Canton
1481	Toulouse  9e  Canton
2991	Grandpré
1000	Cesson-Sévigné
859	Avranches
1217	Lagrasse
1525	Sainte-Croix-Volvestre
2518	Catus
2794	Fontaine-le-Dun
3334	Saint-Cernin
154	Broons
2498	Évreux-Sud
1948	Oloron-Sainte-Marie
2524	Le Mas-d'Azil
3553	Rabastens-de-Bigorre
853	Châteaumeillant
374	Lons-le-Saunier
3144	Amiens  8e  (Nord)
1999	Ajaccio  7e  Canton
985	Moulins-la-Marche
2322	Petreto-Bicchisano
3455	Toul-Sud
3564	Montbarrey
137	Carquefou
1001	Orange-Ouest
3657	Oulchy-le-Château
2384	Chauny
1559	Lambesc
3574	Lassigny
1433	Blain
2893	Pervenchères
756	Couhé
1136	Ginestas
2699	Les Ulis
640	Carpentras
1787	Clermont-l'Hérault
2390	La Bassée
1853	Saint-Pé-de-Bigorre
263	Coucouron
1253	Largentière
3156	Calais-Centre
2633	Vergt
224	Prunelli-di-Fiumorbo
19	Bléré
2852	Castelnaudary-Nord
1007	Dampierre-sur-Salon
88	Saint-Fons
2630	Pau-Ouest
2466	Ailly-le-Haut-Clocher
2431	Givet
2341	Mayenne
1175	Aramon
2754	Vesoul-Ouest
1735	Montaigut
2523	Estrées-Saint-Denis
2541	Valgorge
3243	Genlis
366	Maisons-Alfort
2353	Massy
3044	Lorris
722	Sens
2231	Barlin
1469	Savines-le-Lac
1661	Nanteuil-le-Haudouin
1932	Évry-Sud
707	Les Herbiers
2938	Varennes-sur-Allier
3409	Ourville-en-Caux
93	Le Château-d'Oléron
1424	Saint-Dizier
382	Argelès-Gazost
3445	Troyes  6e  Canton
3550	Castelnau-Magnoac
3427	Migennes
3637	Droué
2697	Villiers-le-Bel
265	Toulouse
1359	Coursegoules
3277	Seilhac
1159	Villeneuve
3648	Brinon-sur-Beuvron
2360	Bois-Colombes
65	Marquise
622	Carpentras-Nord
3380	Villenauxe-la-Grande
982	Sartène
284	Lyon, 4e arrondissement
2797	Bayonne-Nord
1410	Scionzier
3589	Lens-Nord-Ouest
2811	Marnay
3450	Étain
94	Nantes
3120	Fours
3041	Lencloître
2671	Rodez-Ouest
821	Vaison-la-Romaine
1199	Capobianco
1964	Bischheim
646	Saint-Brieuc
42	Aime
2438	Branne
2716	Athis-de-l'Orne
3265	Dieuze
2580	Verfeil
1358	Carvin
2316	Albertville-Sud
226	Avignon-Nord
3090	Novion-Porcien
207	Gordes
164	Tôtes
824	Meximieux
2843	Châtillon-sur-Indre
2723	Arreau
1312	Ballan-Miré
2599	Mouthoumet
1625	Niort-Nord
2417	Nègrepelisse
3370	Saint-Benoît-du-Sault
91	Rodez
307	Bessèges
2863	Nevers-Sud
3008	Saint-Firmin
1231	La Réole
411	Balleroy
3372	Coulonges-sur-l'Autize
3555	Cherbourg-Octeville-Sud-Ouest
1836	Chaumont
3470	Aiguebelle
415	Isigny-sur-Mer
336	Saint-Lys
3594	Mirebeau
135	Saumur-Sud
494	Chartres-Sud-Ouest
3248	Picquigny
698	Livernon
2211	Beine-Nauroy
2734	Montembœuf
1193	Jarville-la-Malgrange
2615	Lourdes-Est
214	Nolay
3105	Ouzouer-le-Marché
3485	Scey-sur-Saône-et-Saint-Albin
444	Munster
1884	Mauléon-Licharre
2475	Pontaumur
1287	Peyriac-Minervois
594	Penne-d'Agenais
2055	Vermand
3338	Alzon
2891	Monestiés
536	Bagnères-de-Luchon
2146	Bort-les-Orgues
2590	Aunay-sur-Odon
1395	Allevard
1314	La Petite-Pierre
1831	Albi-Nord-Est
2391	Combles
1591	Le Plessis-Robinson
332	Paris, 19e arrondissement
3365	Conty
1716	Mundolsheim
1267	L'Argentière-la-Bessée
546	Chenôve
358	Ploemeur
2890	Albi-Est
2935	Saint-Fulgent
1497	Bélâbre
1638	Saint-Agnant
148	Saint-Étienne-de-Tinée
2607	Renwez
2825	Évreux-Nord
616	Huelgoat
1973	Hautmont
1940	Treignac
3357	Saint-Mathieu
1913	Roanne
141	Grimaud
2062	Le Chesnay
1263	Bohain-en-Vermandois
974	Rumilly
1842	Sartrouville
1762	Marchiennes
1908	Plestin-les-Grèves
488	Rouen
383	Saint-Laurent-de-la-Salanque
1593	Saint-Amand-les-Eaux-Rive droite
811	Luz-Saint-Sauveur
2143	Villebon-sur-Yvette
2437	Caudebec-lès-Elbeuf
3577	Figeac-Est
786	Meaux-Sud
2810	Cayres
3608	Lacq
1323	Istres
2019	Le Vigan
2393	Saint-Haon-le-Châtel
3170	Flers-Nord
400	Callas
2215	Meaux-Nord
2371	Échirolles-Est
1369	Montréal
3326	Leforest
1557	Murat-sur-Vèbre
311	Pontorson
2056	Le Faouët
2226	Chaource
760	Callac
728	Oullins
641	Bâgé-le-Châtel
3169	Canisy
2562	Pouillon
3216	Pamiers-Ouest
538	Niort-Ouest
2245	Sotteville-lès-Rouen
3458	Bonnat
2771	Nantiat
3640	Montigny-en-Gohelle
92	Poitiers
1484	Épinal-Ouest
45	Verdun-Est
922	Bonnières-sur-Seine
2059	L'Escarène
2010	Chorges
442	Léguevin
1496	Bain-de-Bretagne
1934	Saint-James
2389	Bourbonne-les-Bains
3089	Chamoux-sur-Gelon
2522	Saint-Étienne-de-Saint-Geoirs
3176	Laroque-Timbaut
961	Sauveterre-de-Guyenne
3198	Condé-sur-l'Escaut
138	Marseille, 7e arrondissement
2600	Châtillon-en-Bazois
1904	Tullins
3615	Couptrain
2090	Cologne
1820	Ville-en-Tardenois
2628	Rochemaure
818	Beausoleil
2856	Machecoul
1825	Lanester
2507	Seyches
989	Tallard
1981	Saint-Fargeau
3602	Baigneux-les-Juifs
269	Tournon-sur-Rhône
487	Sablé-sur-Sarthe
3138	Vernoux-en-Vivarais
921	Mansle
686	Lunéville
319	Champagnole
2745	Éguzon-Chantôme
511	Morestel
741	Saint-Ouen-l'Aumône
1563	Charny-sur-Meuse
2539	Jumilhac-le-Grand
2762	Saint-Nicolas-de-Port
1201	Cognac
2470	Saint-Loup-sur-Semouse
1810	Morlaix
111	Cagnes-sur-Mer-Ouest
3493	Recey-sur-Ource
997	Mortagne-sur-Sèvre
802	Lannoy
2421	Rieumes
2424	Ancenis
1139	Figeac
469	Mazamet-Nord-Est
1373	La Ferté-Saint-Aubin
2102	Saint-Privat
84	Tournus
839	Nasbinals
1381	Montfaucon-en-Velay
2392	Croisilles
1014	Aubenas
1592	Thuir
3444	Châlus
1696	Mont-Saint-Aignan
2906	Ernée
1789	Gouarec
3462	Tinchebray
1798	Merdrignac
1607	Olonzac
77	Mur-de-Barrez
1702	Monpazier
2540	Léré
2308	Saint-Avold  2e  Canton
1684	Villers-Semeuse
2060	Saint-Mandrier-sur-Mer
816	Privas
1721	Lourdes-Ouest
1503	Allaire
3199	Campagnac
2558	Saint-Gildas-des-Bois
825	L'Isle-sur-la-Sorgue
872	Vienne
897	Lorquin
3443	Crocq
1464	Stiring-Wendel
681	Reims  7e  Canton
256	Viviers
2008	Bressuire
2521	Le Fossat
1167	Clamart
3332	Sainte-Geneviève-sur-Argence
575	Étréchy
35	Bergerac  2e  Canton
2953	Stains
3077	Saint-Amand-en-Puisaye
3143	Sarralbe
1128	Montigny-lès-Metz
1306	Pouilly-en-Auxois
2020	Saint-Symphorien-sur-Coise
2741	La Motte-du-Caire
1729	Sceaux
353	Vichy
3583	Saint-Avold  1er Canton
407	Bracieux
819	Lens-Nord-Est
501	Soisy-sous-Montmorency
555	Lézardrieux
200	Champagney
654	Talence
3183	Virieu-le-Grand
129	Saulieu
535	Étables-sur-Mer
2038	Saint-Pol-sur-Ternoise
1883	Mussidan
1550	Fumay
955	Château-Thierry
1204	Bailleul
2256	Signy-l'Abbaye
241	Collobrières
1176	Castelnau-Rivière-Basse
124	Parentis-en-Born
924	La Garenne-Colombes
2185	Moncoutant
606	Laon
173	Saint-Avold
3064	Cusset-Sud
1611	Pleine-Fougères
2682	Corcieux
2372	Duras
3159	Saint-Just-en-Chevalet
2486	Saint-Palais
2447	Longueville-sur-Scie
2006	Reims  4e  Canton
3001	Saint-Martory
2297	Saint-Gengoux-le-National
1983	Saint-Sauveur-le-Vicomte
1262	Saint-Pierre-de-Chignac
1885	Arcueil
2000	Étupes
2685	Mirande
1405	Belmont-sur-Rance
2547	Mussy-sur-Seine
2343	Rosans
2899	Arnay-le-Duc
1771	Juzennecourt
852	Bonneuil-sur-Marne
2263	Manosque-Sud-Ouest
498	La Baule-Escoublac
286	Saint-Étienne-de-Montluc
2650	La Courneuve
2676	Mortain
1694	Provenchères-sur-Fave
3072	Saint-Félicien
361	Rouffach
18	Troyes
843	Venarey-les-Laumes
1572	Domène
3419	Bar-le-Duc-Sud
715	Bonneville
1975	Cadillac
1662	Livry-Gargan
1428	Vertou
998	Saint-Jean-Pied-de-Port
1069	Ornans
1997	Champagne-en-Valromey
2924	Cognin
14	Aix-en-Provence
2414	Aubigny-sur-Nère
1315	Sens-Ouest
51	Paris, 6e arrondissement
2934	Saint-Hilaire-de-Villefranche
2519	Lagor
115	Vallon-Pont-d'Arc
1260	Giromagny
2197	Reyrieux
1409	Belle-Île
2822	Fumel
1626	Vitré
22	Lyon, 6e arrondissement
2237	Vercel-Villedieu-le-Camp
1225	Vélines
3056	Le Grand-Lucé
1978	Sainte-Hermine
123	Paris, 1er arrondissement
3259	Tomblaine
836	Sens-Nord-Est
2012	Bozouls
73	Woippy
3109	Buxy
830	Vitrolles
1299	Maillezais
90	Aigues-Mortes
1072	Excideuil
1809	Levens
1644	Le Bugue
1666	Marchenoir
2377	Saint-Loup-Lamairé
2295	Saint-Lô-Ouest
3369	Cusset-Nord
1021	Guéret-Sud-Est
3394	Cassagnes-Bégonhès
3263	Lacapelle-Marival
862	Vaulx-en-Velin
2483	Gamaches
2999	Brioude-Sud
1971	Périgueux-Ouest
2908	Voves
3221	Bas-en-Basset
2651	Amiens  1er (Ouest)
2228	Vimoutiers
1614	Saint-Laurent-en-Grandvaux
251	Cavaillon
3212	Grignols
29	Menton
1271	Laxou
1656	Lantosque
1738	Saint-Aulaye
3053	Saint-Laurent-de-Chamousset
2224	Andelot-Blancheville
3570	Janville
1654	Saillans
2086	Le Mayet-de-Montagne
3475	La Chapelle-d'Angillon
2903	Barbezieux-Saint-Hilaire
152	Quiberon
158	Grenoble
537	Frontenay-Rohan-Rohan
1337	Servian
2983	Sains-en-Gohelle
2481	Neuf-Brisach
1290	Château-Renault
2304	Viroflay
3434	Vertus
503	Orgon
2709	Juillac
3164	Chanac
249	Villeneuve-de-Berg
458	Montpellier
1017	Pélissanne
965	Florensac
2290	Issoudun-Nord
653	Saint-Girons
3114	Malesherbes
666	Torcy
2444	Noyant
3636	Molliens-Dreuil
295	Coursan
168	Porto-Vecchio
1281	Uzerche
213	Chalon-sur-Saône
1950	Mantes-la-Jolie
992	Plélan-le-Grand
1746	Crémieu
159	Arbois
328	Houdain
2729	Nexon
2386	Villé
709	La Chartre-sur-le-Loir
1401	Rethel
229	Colmar
1200	Créteil
3605	Marle
2242	La Ferté-Alais
2736	Étrépagny
3002	Castillon-en-Couserans
1206	Mayenne-Est
2142	Charroux
2257	Quimper  2e  Canton
2344	Viverols
1988	Rozoy-sur-Serre
2442	Toul-Nord
380	Moustiers-Sainte-Marie
2757	Hondschoote
2563	Cuq-Toulza
919	Sainte-Foy-lès-Lyon
78	Lyon, 1er arrondissement
1576	Évry
2141	La Roche-sur-Yon-Sud
3364	Montlieu-la-Garde
3231	Pampelonne
445	Saint-Amarin
2370	Puylaurens
1564	Moutiers-les-Mauxfaits
3202	Argentan-Ouest
1318	Martigues
3123	Chécy
57	Saint-Tropez
661	Chevilly-Larue
1036	Montguyon
2722	Le Bourget
1800	Moirans-en-Montagne
2296	Argenteuil
2352	Aigueperse
1960	Villenave-d'Ornon
2342	Lagnieu
1340	Thionville
1272	Roubaix-Ouest
1547	Saint-Romain-de-Colbosc
995	Lorient
3501	Auchel
1846	Bègles
2532	Brive-la-Gaillarde-Sud-Ouest
784	Marseille, 16e arrondissement
2118	Lisieux  1er Canton
3269	Rugles
475	Rhôny-Vidourle
1188	Saint-Genest-Malifaux
2244	La Motte-Servolex
814	Bustanico
2571	Bugeat
1567	Étampes
3646	Laval-Est
1875	Chemillé
1778	Chaumont-Nord
217	Fréjus
1990	Faucogney-et-la-Mer
2901	Oloron-Sainte-Marie-Ouest
481	Saint-Genis-Laval
3540	Saint-Saulge
1569	Millau-Ouest
1898	Vouvray
2121	Montgeron
559	Saint-Georges-lès-Baillargeaux
700	Cordes-sur-Ciel
794	Pont-en-Royans
1488	Forbach
1894	Fère-en-Tardenois
165	Offranville
406	Contres
1652	Lussan
3543	Nogent
2488	Longué-Jumelles
1724	Fronsac
2411	Massiac
1903	Saint-Rome-de-Tarn
2268	Saint-Symphorien
1220	Chauvigny
312	Villefranche-sur-Mer
2428	Annonay
2708	Figeac-Ouest
3396	Tauves
1704	Saint-Brice-en-Coglès
2670	Aubin
318	Lussac
3017	Malicorne-sur-Sarthe
3508	Sergines
2440	Quimper  3e  Canton
2129	Saint-Jean-de-Bournay
1047	Geaune
147	La Côte Radieuse
1643	Charolles
905	Baugé
1029	Les Matelles
928	Marsanne
941	Saint-Maur-des-Fossés
460	Tréguier
2589	Rochechouart
1891	Romainville
2128	Alban
1683	Chalon-sur-Saône-Nord
964	Montluçon-Sud (3e Canton)
3069	Villars-sur-Var
230	Briançon
2816	Saint-Anthème
2870	Villerupt
1570	Grand-Fougeray
3345	Tournay
769	La Villedieu-du-Clain
1953	Pont-de-Salars
1335	La Force
2564	Questembert
744	Aubagne
3315	Vaour
518	Paimpol
1703	Marseille, 3e arrondissement
2451	Verteillac
3208	Auch-Nord-Est
1786	Montoir-de-Bretagne
2235	Courtenay
1169	Ax-les-Thermes
104	Ay
2079	La Rochefoucauld
2395	Le Blanc-Mesnil
279	Boulogne-sur-Mer-Nord-Est
368	Villedieu-les-Poêles
583	Belgodère
457	Saint-Germain-en-Laye-Sud
1190	Monein
3011	Bolbec
2293	Salbris
2656	Saint-Étienne-en-Dévoluy
3139	Évaux-les-Bains
3101	Henrichemont
79	Lyon, 2e arrondissement
1280	L'Arbresle
1677	Mesvres
3166	Seltz
565	Montrichard
3395	Bazoches-sur-Hoëne
721	Eybens
1942	La Roche-sur-Foron
1033	Benfeld
3525	Verdun-sur-Garonne
983	Gradignan
1956	Neuville-sur-Saône
1160	Outreau
2058	Locminé
2448	Bourdeaux
946	Xertigny
618	Auxerre
489	Rémalard
3482	Le Sel-de-Bretagne
3358	Baugy
791	Sierck-les-Bains
1749	Burzet
1149	Rodez-Nord
1300	Blanquefort
2462	Audeux
2744	Guise
2586	Montbéliard-Ouest
2826	Chénérailles
596	Le Faou
523	Brest
1026	Rennes-Sud-Ouest
1892	Neuilly-Plaisance
1945	Pluvigner
2207	Vézénobres
2786	Fleurance
3285	Menton-Est
2043	Levier
166	Eu
3658	Nevers-Est
2821	Cléry-Saint-André
3662	Anglès
1129	Pont-à-Mousson
299	Perpignan
751	Nontron
745	Tain-l'Hermitage
2594	Châtenois-les-Forges
2497	Louviers
2396	Cruzy-le-Châtel
2947	Lisle-sur-Tarn
2698	La Rochelle  8e  Canton
2649	Bourganeuf
2504	Molières
110	La Tremblade
1375	Bouilly
219	Malakoff
584	Montpellier  8e  Canton
1143	Évry-Nord
1363	Montebourg
3586	Vitré-Ouest
2914	Châtellerault-Ouest
2659	Ermont
1843	Vitry-sur-Seine
675	Saint-Michel-de-Maurienne
3252	Gy
117	Saint-Laurent-du-Var-Cagnes-sur-Mer-Est
3625	Solesmes
1173	Marseille, 12e arrondissement
1003	Roanne-Sud
1446	Maintenon
738	Bourgneuf-en-Retz
3206	Châtellerault-Sud
3129	Champlitte
768	Civray
2394	Frangy
1107	Belz
1616	Trappes
2511	Delme
2866	Gagny
1458	Abbeville
3601	Nevers-Nord
1590	Forges-les-Eaux
1974	Viriat
2005	Limoux
2103	Roquebillière
3022	Delle
462	Grand-Couronne
1687	Moissac
1795	Dinan-Est
2174	Fleury-les-Aubrais
566	Thoissey
779	Gavray
2962	Mens
456	Chartres
2925	Troyes  4e  Canton
1227	Eymoutiers
1391	Laruns
648	Rochefort-en-Terre
2530	Dangé-Saint-Romain
161	Paris, 5e arrondissement
1370	Montbrison
2760	Aurillac  4e  Canton
2959	Grigny
1872	Vic-Fezensac
1053	Vivonne
3322	Alleyras
524	Châteaubriant
766	La Roche-sur-Yon
3449	Saint-Denis-Sud
359	Saint-Étienne
185	Corbie
3316	Brienon-sur-Armançon
2799	Castelmoron-sur-Lot
1230	La Seyne-sur-Mer
3346	Sore
2850	Caylus
100	Saumur
2561	Dax-Sud
2200	Maîche
2213	Dreux-Sud
188	Trun
250	Douvres-la-Délivrande
1343	Toulouse 14e  Canton
1078	Arras-Sud
2743	Vervins
1016	Séderon
1865	Toulon-sur-Arroux
740	Goussainville
1685	Fresnay-sur-Sarthe
2238	Saint-Agrève
801	Digne-les-Bains
1235	Cuiseaux
1816	Castelnau-de-Montmiral
2996	Beaufort-en-Vallée
156	Plogastel-Saint-Germain
677	Saint-Pourçain-sur-Sioule
3260	L'Isle-sur-le-Doubs
806	Les Pieux
2623	Saint-Germain-Laval
2632	Châtillon-sur-Loire
2301	Le Creusot
2871	Herserange
2425	Dun-sur-Meuse
599	Valence
2454	Le Châtelard
1801	Charenton-le-Pont
1814	Caussade
2252	La Ferté-Macé
1980	Rochefort-Nord
1707	Montoire-sur-le-Loir
2635	Mouzon
1835	Saint-Père-en-Retz
3620	Fère-Champenoise
2464	Mas-Cabardès
3135	Douai-Nord
1142	Arpajon
3168	Montcenis
145	Beaumont-Hague
2457	Saint-Avertin
2319	Saint-Quentin-Sud
3179	Moreuil
3407	Millau-Est
2542	Lapalisse
720	Nanterre
2804	Sedan-Est
2551	Sainte-Savine
1106	Saint-Geoire-en-Valdaine
3187	Guémené-sur-Scorff
201	Salins-les-Bains
1640	Pont-Sainte-Maxence
1110	Satillieu
356	Lorgues
1841	Aubergenville
548	Saint-Jean-de-Monts
2774	Le Neubourg
3292	Morteaux-Coulibœuf
3344	Grandrieu
3488	Givry-en-Argonne
2653	Aulnay
3520	Targon
1317	Saint-Yrieix-la-Perche
266	Valence-d'Albigeois
2679	Montpellier  2e  Canton
1708	Bourg
2212	Bourg-Lastic
3573	Laferté-sur-Amance
944	Aubervilliers
3281	Spincourt
3513	Ballon
1207	Guer
688	Metz
1632	Pouilly-sur-Loire
2876	Prayssas
3467	Thénezay
1119	Lucenay-l'Évêque
2313	Torigni-sur-Vire
2286	Choisy-le-Roi
2503	Laval-Nord-Est
3384	Betz
372	Uzès
417	Lisieux
410	Lauzès
3060	Pionsat
841	Villeneuve-sur-Yonne
3070	Pont-sur-Yonne
2854	Digne-les-Bains-Ouest
3013	Cerizay
1774	Saint-Valery-en-Caux
2358	Arras-Nord
2867	Pesmes
557	Saint-Gilles-Croix-de-Vie
393	Royat
3204	Cusset
2152	La Chambre
101	Royan
632	Coulanges-la-Vineuse
315	Châteauneuf-Côte-Bleue
2246	Audruicq
2144	Tonnay-Charente
3233	Auxi-le-Château
3528	Mainvilliers
142	Le Beausset
1558	Rive-de-Gier
2077	Le Louroux-Béconnais
1533	Daoulas
2824	Nieul
2119	Reillanne
716	Lyon, 9e arrondissement
650	Saint-Médard-en-Jalles
2900	Iholdy
840	Brionne
1817	Villeneuve-de-Marsan
75	Montluçon
465	Sigean
2072	Sainte-Menehould
3521	Chevagnes
304	Issy-les-Moulineaux
881	Aucun
1473	Chabeuil
341	Ars-en-Ré
973	Annecy-Nord-Ouest
2648	Annonay-Sud
1705	Fontenay-le-Comte
1183	Erstein
2345	Villersexel
3324	Dun-sur-Auron
3083	Masseube
2044	Compiègne-Nord
3478	Orpierre
886	Virieu
3151	Volmunster
1270	Montaigu
1901	Flers
930	Gif-sur-Yvette
1893	Bièvres
345	Mougins
1582	Peyrolles-en-Provence
2812	Signy-le-Petit
3264	Manosque-Nord
3298	Saint-Christophe-en-Bazelle
2236	Alençon
2977	Trie-sur-Baïse
477	Frontignan
2714	Ressons-sur-Matz
3506	Gondrecourt-le-Château
2355	Montmirail
3336	Pierre-de-Bresse
1577	Montesquiou
1636	Poncin
1647	Champagnac-de-Belair
2154	Olivet
2641	Angers-Est
893	Martel
2016	Cernay
2643	Saint-André-de-Valborgne
2525	Montrevel-en-Bresse
211	Autun
2188	Cergy
858	Durban-Corbières
177	Paris, 20e arrondissement
1419	Limoges-Panazol
517	Vendeuvre-sur-Barse
2696	Orbec
2958	Jullouville
293	Abondance
235	Pertuis
1863	Plouaret
1886	Saint-Max
908	Maurs
3032	Chalamont
2112	Villecresnes
367	Le Bourg-d'Oisans
3165	La Barthe-de-Neste
2703	Rougemont
2835	Châtillon-Coligny
3494	Blois  5e  Canton
2254	Billère
89	Irigny
3454	Authon-du-Perche
1453	Carcassonne  2e  Canton-Nord
3137	Bailleul-Sud-Ouest
1189	Tassin-la-Demi-Lune
1466	Châteaurenard
993	Vannes-Ouest
1417	Carbonne
826	Le Petit-Quevilly
423	Meudon
3429	Cossé-le-Vivien
742	Chartres-Nord-Est
2347	Courpière
10	Le Monêtier-les-Bains
1546	Sainte-Alvère
55	Nice
1968	Auxerre-Sud
3436	Le Puy-en-Velay-Ouest
3627	Froissy
1658	Saint-Pierre-d'Irube
290	Cassel
1144	Boulogne-sur-Mer-Sud
3066	Candé
1686	Dinan-Ouest
3193	Patay
2373	Auterive
938	Dax
2137	Aignan
2159	Montsalvy
1284	Celavo-Mezzana
2148	Le Lauzet-Ubaye
1234	Orsay
2505	Saint-Paulien
702	Mâcon
277	Béziers  4e  Canton
3613	L'Aigle-Ouest
947	Valentigney
3333	Nesle
2990	Saint-Jean-de-la-Ruelle
418	Courbevoie
726	Marennes
1860	Le Luc
2911	Pierrefontaine-les-Varans
3102	Montendre
891	Valderiès
2401	Montfort-sur-Meu
1156	Carignan
264	Caen  7e  Canton
1769	Rostrenen
532	Fameck
1609	Janzé
2833	Cergy-Nord
3288	Saint-Paul-Cap-de-Joux
2578	Rohan
2385	Vielmur-sur-Agout
2272	Saint-Cyr-sur-Loire
1764	Hénin-Beaumont
2780	Plouzévédé
3163	Poissons
1120	Prades
3343	Estissac
50	Paris, 11e arrondissement
2241	Boissy-Saint-Léger
134	Paris, 17e arrondissement
285	Quimper
450	Ghisoni
3099	Domérat-Montluçon-Nord-Ouest
3234	Montbozon
106	Honfleur
970	Entraygues-sur-Truyère
3310	Pamiers-Est
2288	La Grand-Croix
2375	Lillebonne
3515	Vaucouleurs
1530	Poitiers  3e  Canton
1540	Toucy
2847	Vic-sur-Seille
175	Besançon
2036	Pithiviers
2827	Marmande-Ouest
2216	Villefranche-du-Périgord
390	Pont-du-Château
2963	Saint-Ciers-sur-Gironde
514	Langueux
2294	Hochfelden
181	Strasbourg
23	Nuits-Saint-Georges
945	Saint-Dié-des-Vosges
1958	Guînes
520	Morée
2752	Vicdessos
1150	Pons
69	Bordeaux
2602	Bully-les-Mines
563	Lac Léman
2489	Abbeville-Nord
1447	Châteauneuf-sur-Charente
1986	Argenton-sur-Creuse
2108	Herbault
1115	Cancon
1218	Méricourt
2836	Ceyzériat
1923	Moyenneville
4	La Rochelle
1641	Montmorency
478	Vaugneray
710	Campagne-lès-Hesdin
962	Saint-Germain-Lembron
3498	Quérigut
2115	Sedan-Ouest
1088	Forcalquier
2109	Le Kremlin-Bicêtre
2677	Amfreville-la-Campagne
3036	Lavardac
743	Villefranche-de-Lauragais
1158	Saint-Jean-de-Braye
1925	Ploubalay
2894	Exmes
3220	Auxerre-Sud-Ouest
404	Blagnac
98	Reims
1127	Millau
1166	Vic-sur-Aisne
932	Millas
867	Bernay
2031	Beaumont
2214	Aixe-sur-Vienne
899	Bollène
2002	Montgiscard
1353	Montrouge
649	Chambray-lès-Tours
1715	Cergy-Sud
1082	Aspet
2616	Liévin-Sud
1890	Chantelle
2614	Saint-Donat-sur-l'Herbasse
2603	Domont
1151	Alzonne
2085	Cérilly
2175	Cognac-Sud
750	Neuilly-sur-Seine
1568	Carentan
3068	Scaër
2356	Fruges
282	Narbonne
1534	Noroy-le-Bourg
1442	Die
1499	Mennetou-sur-Cher
3559	Turriers
2738	Damvillers
3203	Auch-Nord-Ouest
562	Terrasson-Lavilledieu
569	Verny
1242	Poligny
1048	La Vistrenque
1773	Gignac
3373	Bernay-Ouest
2330	Courçon
645	Brécey
1251	Aigrefeuille-d'Aunis
1689	Tulle
1604	Castelsarrasin
3236	Ussel-Ouest
2787	Cysoing
2430	Fresnes-en-Woëvre
2987	Anzin
2167	Puymirol
1049	Saint-Quentin
1434	Nort-sur-Erdre
464	Brassac
2165	Auvillar
1101	Bédarrides
44	Chalon-sur-Saône-Sud
1372	Le Lude
2037	Villaines-la-Juhel
2667	Sennecey-le-Grand
2909	Auxonne
3081	Digne-les-Bains-Est
1673	Châteauneuf-d'Ille-et-Vilaine
1821	Drulingen
1759	Montbazon
2	Laguiole
887	La Canourgue
1089	Grasse-Sud
446	Sarreguemines-Campagne
2574	Soissons-Sud
3148	Audun-le-Roman
3218	Fleury-sur-Andelle
2034	Saugues
337	Paris, 13e arrondissement
1979	Conques-sur-Orbiel
2884	Moyeuvre-Grande
3510	Châtelus-Malvaleix
525	Gérardmer
3484	Le Montet
1349	Pleyben
1454	Montfort-le-Gesnois
2737	Le Puy-en-Velay-Nord
1601	Arques
577	Boulogne-Billancourt
1186	Sarzeau
3527	Arleux
1472	Lézignan-Corbières
3319	Saint-Rambert-en-Bugey
2706	Saint-Dizier-Ouest
647	Annecy-le-Vieux
2985	Saint-Aubin-du-Cormier
807	Vescovato
1723	Saint-Gilles
1829	Saint-Amand-les-Eaux
3635	Belpech
2249	Quissac
3112	Envermeu
432	Pléneuf-Val-André
1867	Givry
1674	Lesneven
3630	Flers-Sud
3572	Blâmont
2817	Artenay
708	Saint-Omer-Nord
96	La Mothe-Achard
216	Saint-Hilaire
624	Sagro-di-Santa-Giulia
3504	Lisieux  3e  Canton
3057	Château-Renard
6	Bonnieux
543	Vic-sur-Cère
1182	Saint-Pierreville
40	La Teste-de-Buch
1998	Ambert
1667	Vizille
3158	Carnières
1437	Tardets-Sorholus
1659	Saint-Malo-de-la-Lande
936	Cholet
3010	Dampierre
1138	Meyzieu
267	Salon-de-Provence
3240	La Rochette
2579	Sainte-Sigolène
63	Le Bar-sur-Loup
967	Saint-Gratien
822	Betton
1278	Lodève
2730	Châtillon-sur-Marne
350	Castellane
2057	Tramayes
2807	Neuilly-Saint-Front
687	Marckolsheim
3065	Bourgtheroulde-Infreville
1731	Bulgnéville
3110	Larche
1222	Saint-Doulchard
2849	La Roche-Canillac
1319	Eyguières
1025	Villepinte
3058	Rouillac
602	Mont-de-Marsan
2568	Soissons
3551	Dornes
633	Carpentras-Sud
1322	Port-Saint-Louis-du-Rhône
1480	Luzarches
1955	Rives
1486	Habsheim
2514	Veynes
3351	Saint-Amant-Roche-Savine
2998	Crèvecœur-le-Grand
3142	Mamers
1807	Poissy-Sud
3490	Bernaville
1514	Pamiers
2846	Cahors-Nord-Est
70	Antibes
386	Le Puy-en-Velay
3565	Anizy-le-Château
1792	Graçay
439	Lauzerte
2597	Châtillon-en-Diois
1610	Nivillers
2592	Réchicourt-le-Château
3654	Heiltz-le-Maurupt
1254	Morcenx
2255	Alaigne
679	Baignes-Sainte-Radegonde
2611	Albi-Ouest
1624	Villefranche-de-Lonchat
2093	Donnemarie-Dontilly
1366	Vanves
470	Mazamet
1706	Royan-Est
210	Beaune
1922	La Châtre
1991	Allonnes
1019	Saint-Julien-en-Genevois
2218	Vinay
773	Les Essarts
1943	Bavay
428	Les Deux-Sevi
2721	Saint-Mars-la-Jaille
2993	Buzancy
3473	Nomeny
179	Castets
911	Crécy-la-Chapelle
49	Caen
1313	Mer
1310	Céret
2230	Loriol-sur-Drôme
1589	Saint-Cloud
1859	Sévérac-le-Château
2513	Gimont
3038	Villeneuve-Saint-Georges
113	Albi
797	Collonges
1516	Montceau-les-Mines
873	Tence
1681	Dol-de-Bretagne
988	Chelles
3535	Béthune-Est
2131	Châlons-en-Champagne  4e  Canton
3019	Château-Gontier-Ouest
1489	Charmes
1441	Bourg-lès-Valence
2223	Palluau
1339	Aix-les-Bains-Sud
47	Vigneulles-lès-Hattonchâtel
2435	Ardes
2727	Bourbon-Lancy
448	Saulxures-sur-Moselotte
1802	Chennevières-sur-Marne
1121	Bagnères-de-Bigorre
1982	Sarcelles
3273	Barre-des-Cévennes
3391	Cosne-Cours-sur-Loire-Nord
331	Tende
316	Ducey
1215	Senonches
1617	Montigny-le-Bretonneux
3227	Angers-Nord
302	Cancale
296	Chamonix-Mont-Blanc
1847	Montivilliers
454	Modane
604	Saint-Égrève
637	Brumath
1010	Bitche
1851	Arudy
651	Montélimar
3249	Paulhaguet
718	Saint-Denis
2964	Saint-Symphorien-de-Lay
2122	Bondy
652	Bellême
3422	Les Bouchoux
2655	Pradelles
32	Carcassonne  1er Canton
2302	Saint-Gervais-d'Auvergne
2557	Foix-Rural
1376	Laissac
3539	Héricourt-Ouest
1255	Sierentz
499	Mauguio
1621	Sevran
2712	Hiersac
2478	Brienne-le-Château
619	La Chapelle-de-Guinchay
1709	Annemasse
1241	Soultz-sous-Forêts
3190	Thiberville
1331	Sucy-en-Brie
3305	Ribécourt-Dreslincourt
430	Matignon
1071	Orvault
3126	Lavoûte-Chilhac
1250	Ars-sur-Moselle
2193	Matha
2271	Tonnay-Boutonne
2434	Vernon-Sud
1650	Bastia  6e  (Canton Furiani-Montésoro)
483	Les Ponts-de-Cé
695	Mormoiron
789	Rombas
398	Ébreuil
2265	Manzat
2273	Damville
2944	Gorron
30	Paris, 15e arrondissement
2767	La Guerche-sur-l'Aubois
866	Ajaccio
1474	Istres-Nord
2323	Saint-Pierre-sur-Dives
3131	Garlin
1240	Wissembourg
1826	Vincennes
3192	Poitiers  4e  Canton
1849	Nay-Est
1460	Suresnes
1091	Mâcon-Sud
1492	Épinal-Est
258	Rémuzat
2961	Saint-Pons-de-Thomières
1637	Amplepuis
3023	Vic-en-Bigorre
3251	Calais-Est
2018	Noailles
2379	Montauban  1er Canton
1258	Creil-Nogent-sur-Oise
3624	Chevillon
2526	Saint-Nicolas-de-la-Grave
2029	Besançon-Sud
2955	Landrecies
1887	Saales
713	Aix-les-Bains
2855	Douai-Sud-Ouest
3368	Chartres-Sud-Est
1075	Saint-Genis-de-Saintonge
1627	Lormont
2726	Le Portel
479	Vierzon  2e  Canton
1154	Lille-Nord
1854	Hérisson
143	Florac
348	Draguignan
1649	Sens-Sud-Est
3299	Bellegarde
280	Les Trois-Moutiers
958	Saint-Jean-de-Maurienne
2686	Oust
3560	Sourdeval
3141	La Fresnaye-sur-Chédouet
169	Nancy
3327	Lombez
1086	Sumène
1112	Saint-Paterne
153	Crozon
2496	Gaillon-Campagne
3645	Corlay
3656	Amiens  5e  (Sud-Est)
2402	Châteaugiron
3495	Lure-Nord
3217	Alès-Sud-Est
2349	Billom
397	Castanet-Tolosan
1276	Romans-sur-Isère
914	Bellac
2110	Pompey
281	Verzy
1949	Châtel-sur-Moselle
690	Nant
1414	Crépy-en-Valois
2785	Troarn
3122	Pleaux
3191	Saint-Georges-du-Vièvre
3432	Thiaucourt-Regniéville
759	Muzillac
1476	Altkirch
1620	Bapaume
2282	Reims  5e  Canton
1422	Saint-Dié-des-Vosges-Est
3397	Villebrumier
1805	Montigny-sur-Aube
3215	La Guerche-de-Bretagne
2278	Boos
2277	Merville
2382	Alès-Ouest
574	Le Châtelet-en-Brie
1763	Orchies
1162	Sarrebourg
1157	Sedan
39	Saint-André-de-Cubzac
1421	Roujan
1874	Valenciennes-Est
3548	La Trimouille
658	La Jarrie
1348	Dieulefit
3459	Monthureux-sur-Saône
2250	Tiercé
2642	Oyonnax-Sud
3254	Chalon-sur-Saône-Ouest
3361	Savigny-sur-Braye
2789	Gap-Campagne
2885	Vigy
542	L'Île-Bouchard
2089	Châteauneuf-sur-Sarthe
2631	Quillebeuf-sur-Seine
2995	Saint-André-les-Alpes
3367	Levet
3253	Saint-Martin-en-Bresse
2405	Auneuil
1718	Tartas-Ouest
3067	Caraman
552	Épinay-sous-Sénart
1917	Dourdan
1726	Toulouse 15e  Canton
87	Saint-Chamond
1478	Hirsingue
171	Le Grand-Pressigny
1967	Saint-Sever
2209	Alès-Nord-Est
1784	Vierzon
243	Les Pennes-Mirabeau
1989	Longjumeau
711	Villeneuve-sur-Lot
848	Attichy
1232	Langon
2423	Floirac
1870	Saint-Jean-en-Royans
782	Saint-Martin-d'Hères
615	Chatou
2544	Yzeure
1850	Pau-Est
3250	Cléguérec
347	Trélon
2113	Bourg-de-Péage
259	Pézenas
2585	Soissons-Nord
1828	Saint-Julien
2166	Nérac
2075	Broglie
781	Vertou-Vignoble
868	Compiègne
1249	Maromme
1830	Belley
2157	Narbonne-Sud
883	Montmort-Lucy
2042	Caen 10e  Canton
614	Cruzini-Cinarca
692	Villard-de-Lans
1012	Azay-le-Rideau
1449	La Couronne
1701	Amiens  4e  (Est)
813	Levie
1132	Lesparre-Médoc
3616	Saint-Pois
2048	Palinges
3619	Mende-Nord
184	Vimy
1791	Ploërmel
1608	Tallano-Scopamène
2941	Barrême
3306	Le Merlerault
2707	Coudekerque-Branche
1065	Auch
2300	Lamure-sur-Azergues
2436	Sauxillanges
2929	Montauban-de-Bretagne
484	Chalonnes-sur-Loire
2783	Agen-Ouest
598	Versailles-Sud
3566	Monthois
1266	Le Coudray-Saint-Germer
912	Châteauroux-Ouest
1977	Les Lilas
1174	Marseille, 10e arrondissement
1450	Gardanne
3590	Collinée
2317	Vihiers
3342	Plabennec
2472	Monistrol-sur-Loire
378	Boves
2017	Mouy
112	Marcq-en-Barœul
1224	Clichy
2318	Sézanne
1510	Langres
842	La Chapelle-sur-Erdre
1889	Sainte-Maure-de-Touraine
3238	Behren-lès-Forbach
2883	Saint-Julien-Chapteuil
1399	Châlons-en-Champagne
2332	Pacy-sur-Eure
2560	Bécherel
3321	Issoudun-Sud
1482	Salles-Curan
880	Le Pont-de-Beauvoisin
2515	Le Lion-d'Angers
310	Guillaumes
820	Carbon-Blanc
3092	Solignac-sur-Loire
1518	Athis-Mons
215	Beaune-Nord
24	Arles
298	Angers-Ouest
3012	Monthermé
2443	Quintin
502	Saint-Vincent-de-Tyrosse
1754	Pipriac
3241	Mareuil-sur-Lay-Dissais
441	Vannes
1388	Vif
948	Menton-Ouest
46	Carcassonne
1777	Saint-Claude
910	Mézières-sur-Issoire
3360	Saint-Rémy-sur-Durolle
1073	Mérignac
103	Dozulé
1202	Armentières
2896	Marmande-Est
1493	Mauron
1246	Lauterbourg
3181	Saint-Martin-de-Valamas
1046	Condom
162	Dieppe
529	Sète
1103	Aigurande
3514	Saint-Étienne-de-Lugdarès
1542	Capdenac-Gare
877	Lamastre
915	Montmorillon
1524	Vitry-en-Artois
676	Pornic
1941	Breil-sur-Roya
588	Bergerac
271	Thouarcé
1965	Sauveterre-de-Béarn
3519	Marolles-les-Braults
1545	Saint-Ouen
3304	Brezolles
909	Saint-Junien
3255	Void-Vacon
2798	Isigny-le-Buat
939	Saint-Nom-la-Bretèche
189	Truchtersheim
48	Saverne
1060	Joué-lès-Tours
2140	Rocheservière
192	Rosheim
7	Vals-les-Bains
3314	Riaillé
1171	Aix-en-Provence-Sud-Ouest
1633	Lormes
3200	Castelsarrasin  2e  Canton
3600	Beauvais-Nord-Ouest
1517	Paray-le-Monial
401	Illkirch-Graffenstaden
1067	Hazebrouck
2865	Montbazens
2621	Saint-Just-Saint-Rambert
2357	Avion
1411	Milly-la-Forêt
1739	Ferrette
231	Embrun
592	Saint-Cyr-l'École
2132	Derval
3074	Saint-Pierre-d'Albigny
283	Lyon, 5e arrondissement
288	Châteaulin
1527	L'Isle-Jourdain
3375	Rosières-en-Santerre
573	Mormant
1332	Conflans-Sainte-Honorine
2369	Valmont
376	Libourne
1528	Lyons-la-Forêt
2100	Lucé
2262	Veyre-Monton
2654	Bénévent-l'Abbaye
656	Vire
333	Marseille, 6e arrondissement
1785	Ligueil
2125	Arcis-sur-Aube
1294	Baccarat
1837	Thorens-Glières
699	Aire-sur-l'Adour
2683	Angers-Trélazé
1467	Réalmont
3186	Lanouaille
120	Levallois-Perret
1385	Tuchan
3195	Jargeau
335	Béziers
2276	Bédarieux
1179	Thouars  2e  Canton
1951	Alby-sur-Chéran
262	Calais-Nord-Ouest
1946	Romilly-sur-Seine  1er Canton
3546	Guéret-Sud-Ouest
1507	Buzançais
2939	Le Cateau-Cambrésis
1929	Ville-sur-Tourbe
2160	L'Haÿ-les-Roses
237	Aubagne-Est
2819	Carmaux
3604	La Ferté-Vidame
3423	Castillonnès
512	Pontarlier
1811	Lédignan
2366	Montagnac
1584	Noyers
1285	Ault
608	Souillac
2735	Lessay
2862	Saint-Amour
1429	Nozay
3266	Juniville
3382	Saint-Amant-de-Boixe
1451	Pontchâteau
3197	Flogny-la-Chapelle
1655	Richelieu
1432	Laplume
3356	Vitry-le-François-Est
1628	Valenciennes-Sud
1623	La Tour-du-Pin
2517	Saint-Leu-la-Forêt
2681	Harnes
3416	Royère-de-Vassivière
657	Tournon-d'Agenais
1848	Ardres
2247	Pouyastruc
1131	Vernon
1924	Craon
1873	Neung-sur-Beuvron
60	Mennecy
1725	Saint-Affrique
3325	Commercy
2658	Nay
1861	Grenade
1011	Freyming-Merlebach
3016	Villebois-Lavalette
3385	Le Puy-en-Velay-Sud-Ouest
1298	Agen-Nord-Est
3335	Le Bény-Bocage
1210	Issoire
1560	Béthune-Sud
1857	Pont-Saint-Esprit
2053	Yvetot
3393	Saulzais-le-Potier
3483	Tourouvre
2747	Mauvezin
1214	Beauvoir-sur-Mer
796	Bellegarde-sur-Valserine
1362	Domfront
1408	Gond-Pontouvre
2693	Le Pont-de-Montvert
727	Granville
387	Bourgoin-Jallieu-Nord
762	Valençay
1402	Saint-Étienne-du-Rouvray
2220	Montbenoît
381	Aups
33	Grignan
643	Plérin
2520	Montchanin
2912	Saint-Hippolyte-du-Fort
1292	Hayange
1648	Saint-Céré
157	Fouesnant
2842	Salies-du-Salat
980	Marseille, 15e arrondissement
1163	Phalsbourg
1269	Rezé
330	Paris, 2e arrondissement
3471	Esternay
571	Cagnes-sur-Mer
3222	Oyonnax-Nord
3354	Nogent-le-Roi
2329	Montagrier
2769	Saint-Germain-du-Bel-Air
1766	Guipavas
2904	Sainte-Suzanne
2663	Formerie
2233	Fauquembergues
935	Saint-Cyprien
634	Cozes
2980	Quarré-les-Tombes
2823	Doulaincourt-Saucourt
1645	Les Mées
2362	Samatan
996	Creully
1606	Herbignac
808	Saint-Gaudens
1205	Houdan
3612	Caulnes
3352	Albestroff
1856	Lurcy-Lévis
900	Olargues
3276	Cholet  1er Canton
2176	Neufchâtel-en-Bray
1900	Lons-le-Saunier-Nord
2715	Roquefort
1393	Marange-Silvange
140	Saint-Pierre-d'Oléron
1108	Nemours
2887	Cambrai-Est
43	Montreuil
2427	Thiers
1032	Monclar-de-Quercy
3355	Clermont-en-Argonne
2733	Chef-Boutonne
3431	Verdun-Centre
2647	Lure
2718	Brioude
1380	Villars-les-Dombes
1013	Banon
864	Albi-Sud
902	Enghien-les-Bains
2569	Lillers
272	Lille-Ouest
1122	Argentat
3043	Pont-de-Veyle
1153	Combs-la-Ville
2644	Dunkerque-Ouest
3047	Noirétable
2011	Conques
2751	Argentan
1184	Danjoutin
3009	Saint-Jean-le-Blanc
1698	Aumale
3059	Réquista
2387	Montastruc-la-Conseillère
2609	Ouzouer-sur-Loire
274	Riom-Ouest
838	Marvejols
2023	Le Raincy
2972	Sauzé-Vaussais
3486	La Trinité-Porhoët
1304	Sées
960	Haguenau
2363	Barbazan
2191	Haubourdin
2761	Seyssel
1602	Charlieu
1382	Caluire-et-Cuire
878	Bourgoin-Jallieu-Sud
556	Saint-Lô
1134	Beaulieu-sur-Dordogne
2234	Bligny-sur-Ouche
364	Thann
3465	Saint-Aignan-sur-Roë
2458	Lomme
3339	Castelnau-Montratier
665	La Brède
2967	Avesnes-sur-Helpe
2374	Caudebec-en-Caux
904	La Garde
1899	Essoyes
300	Voiron
1543	Saint-Omer
2267	Châlons-en-Champagne  2e  Canton
755	Châtelaudren
2636	Châteauneuf-en-Thymerais
1308	Cazaubon
3196	Clerval
2204	Fontaine-Seyssinet
1730	Fournels
2340	Hédé
2479	Montluçon-Ouest (2e Canton)
857	Carros
3614	Nérondes
1360	Bordères-Louron
2492	Huriel
2640	Mauzé-sur-le-Mignon
3641	Châteauneuf-sur-Cher
3280	Lure-Sud
2087	Saramon
2917	Nangis
1519	Montmélian
3399	La Motte-Chalancon
3544	Ussel-Est
2688	Rambervillers
917	Meaux
925	Villeneuve-la-Garenne
1758	Triel-sur-Seine
1918	Vernon-Nord
3512	Moisdon-la-Rivière
1839	Pont-de-Vaux
3347	Vézelise
163	Clères
76	Saint-Genix-sur-Guiers
1502	Langeais
3214	Béthune-Nord
2133	Boulogne-sur-Gesse
739	Beauvais
1170	Créon
459	Perros-Guirec
3664	Gendrey
1581	Thizy
1279	Bar-sur-Seine
2239	Mauléon-Barousse
2879	Luzy
2717	Falaise-Nord
395	Ganges
27	Paris, 9e arrondissement
1585	Estaing
1155	Redon
863	Lavaur
391	Cournon-d'Auvergne
977	Châteauroux
2183	Saint-Jeoire
2410	Neuvy-le-Roi
1052	Briare
2418	Mérignac  2e  Canton
1133	Gisors
963	Issoudun
37	Lavelanet
327	Berck
1756	Égletons
2399	Mâcon-Nord
976	Colombes
2878	Bussière-Badil
2645	Dreux-Est
3261	Offemont
1858	Bagnols-sur-Cèze
3302	Bellegarde-en-Marche
874	Yssingeaux
3035	Tannay
1819	Ruelle-sur-Touvre
3194	Beauvoir-sur-Niort
255	Aix-en-Provence-Nord-Est
3545	La Courtine
1755	Corrèze
3031	Allègre
1844	Gourin
114	La Ciotat
2695	Grisolles
1537	Saint-Gervais-les-Trois-Clochers
1775	Bourgueil
3033	Brénod
2818	Matour
1028	Samoëns
3509	Saint-Laurent-sur-Gorre
1877	Fougères-Nord
799	Saint-Symphorien-d'Ozon
660	Bourgoin-Jallieu
1642	Châtellerault
2502	Aurillac  2e  Canton
3529	Loiron
1509	Vigeois
1676	Sissonne
2534	Marans
2554	Rieux-Volvestre
3291	Landivy
2913	Aubusson
1152	Tarascon-sur-Ariège
2104	Mâcon-Centre
1145	Brive-la-Gaillarde
1740	Guingamp
3167	Argentré-du-Plessis
800	Souvigny
1015	Pont-à-Marcq
1538	Amou
735	Ugine
2657	Saintes-Nord
105	Amiens
2365	Montceau-les-Mines-Sud
1256	Villers-Cotterêts
2691	Chabanais
2092	Montmoreau-Saint-Cybard
1566	Ivry-sur-Seine
2566	Boussac
3489	Pontarion
831	Charleville-Mézières
1116	La Loupe
223	Dinard
1871	Saint-Marcellin
360	Wintzenheim
3398	Lapleau
2420	Cuisery
2945	Sombernon
15	Saint-Vivien-de-Médoc
1552	Fontoy
1252	Riom-ès-Montagnes
186	Cabourg
2802	Chomérac
455	Gonesse
901	Clelles
420	Limogne-en-Quercy
2595	Cattenom
85	Saint-Flour
246	La Crau
3461	Cerisy-la-Salle
3576	Passais
3224	Doulevant-le-Château
412	Cherbourg-Octeville
2303	Le Mas-d'Agenais
2548	Fontenay-sous-Bois
3005	Châtenois
1526	Rennes-Nord-Ouest
968	Ustaritz
3088	Saint-Jean-de-Losne
3337	Saint-Mamert-du-Gard
2335	Les Andelys
3237	Arzano
889	Remiremont
2593	Boulay-Moselle
894	Faulquemont
2506	Ardentes
12	Saint-Étienne-les-Orgues
1244	Salernes
1927	Meslay-du-Maine
2287	Maringues
139	Biarritz
1699	Mulhouse-Sud
2225	Coussey
2584	Mende-Sud
1389	Orezza-Alesani
2449	Eaubonne
3567	Bourmont
1663	Nogent-sur-Marne
1600	Chilly-Mazarin
486	Aillant-sur-Tholon
198	Boulogne-sur-Mer
1692	Accous
435	Rignac
1404	La Roquebrussanne
191	Beauchamp
1536	Combeaufontaine
2775	Beaumont-sur-Sarthe
1736	Arthez-de-Béarn
1962	Compiègne-Sud-Ouest
627	Royan-Ouest
2078	Thiviers
2181	Villers-Farlay
3362	Combronde
1009	Couiza
2312	Marchaux
2796	Besançon-Est
3152	Nozeroy
1879	Saint-Mandé
2480	Orthez
2840	Lignières
2047	Saint-Antonin-Noble-Val
2705	Auneau
1765	Denain
2050	Decize
2243	Vibraye
1456	Gravelines
2184	Marignane
3309	Divion
3547	Saint-Amand-les-Eaux-Rive gauche
754	Saint-Aignan
585	Montpellier 10e  Canton
2259	Latour-de-France
704	Loches
3390	Coulanges-sur-Yonne
1147	La Verpillière
1425	Saint-Remy-en-Bouzemont-Saint-Genest-et-Isson
1459	Lamotte-Beuvron
1693	Saint-Laurent-du-Pont
3606	Aignay-le-Duc
183	Ouistreham
1882	Espalion
2915	Vaires-sur-Marne
510	Évian-les-Bains
513	Bourges
2471	Retournac
436	Le Biot
222	Tours
26	Paris, 7e arrondissement
1556	Castifao-Morosaglia
3245	Montaigu-de-Quercy
3537	Douvrin
126	Paris, 4e arrondissement
155	Cannes
1936	Digoin
206	Remoulins
788	Saint-Vallier-de-Thiey
3014	Neuville-aux-Bois
2665	Ussel
3425	Bagneux
549	Le Havre
3348	Pas-en-Artois
2662	Pont-d'Ain
2973	Bégard
2453	Saint-Pierre-des-Corps
1554	Mézidon-Canon
2013	Vigny
1911	Perreux
1044	Sancerre
803	Souilly
1341	Pontault-Combault
3448	Précy-sous-Thil
339	Villejuif
3643	Orgères-en-Beauce
630	Pessac
3188	Aubenton
674	Saint-Laurent-Médoc
305	Brie-Comte-Robert
2045	Burie
2784	Montfermeil
3178	Amiens  3e  (Nord-Est)
1748	Dole-Nord-Est
753	Brest-L'Hermitage-Gouesnou
1237	Wœrth
2190	Morteau
1438	Aigrefeuille-sur-Maine
2788	Les Aix-d'Angillon
3599	L'Hermenault
1909	Grésy-sur-Isère
3118	Montréjeau
2429	Toulouges
1058	Montfaucon-d'Argonne
3479	Juvigny-le-Tertre
3587	Saint-Julien-de-Vouvantes
1035	Chalais
1653	Bagnolet
2398	Laignes
3062	Legé
1061	Rochefort
136	Saint-Martin-de-Ré
2009	Toulouse 13e  Canton
1084	Pontailler-sur-Saône
631	Santa-Maria-Siché
1761	Orange-Est
2773	Luc-en-Diois
3424	Rohrbach-lès-Bitche
558	Antibes-Biot
870	Château-Chinon (Ville)
2975	Mercœur
3079	Villeneuve-l'Archevêque
2853	Trévoux
972	Aix-les-Bains-Nord-Grésy
3557	Noyelles-sous-Lens
2932	Poitiers  1er Canton
2452	Saint-Savinien
1223	Gençay
127	Ollioules
3532	Fauville-en-Caux
239	Cadenet
3125	Beaumont-de-Lomagne
1233	Illzach
1639	Aix-en-Othe
228	Geispolsheim
116	Saintes-Maries-de-la-Mer
3094	Saint-Nicolas-du-Pélem
2111	Crest-Nord
2907	Soulaines-Dhuys
3561	Périers
354	Arcachon
1191	Le Bleymard
1431	Ruynes-en-Margeride
3189	Cormeilles
2582	Claret
2314	Les Cabannes
1757	Goderville
2675	L'Etang de l'Olivier
416	Sainte-Mère-Église
2172	Guéret-Nord
1212	Pantin
2668	Bezons
424	Cajarc
2838	Chailland
3622	Noyers-sur-Jabron
2178	Montmarault
2732	Lasalle
3283	Écouché
2076	Guerville
150	Pontivy
2315	Varilhes
1717	Mont-de-Marsan-Sud
1325	Saint-Alban-sur-Limagnole
3353	Domèvre-en-Haye
2068	Fayl-Billot
2015	Troyes  2e  Canton
1961	Compiègne-Sud-Est
2608	Vic-le-Comte
1797	Ploufragan
1117	Chambéry
975	Albens
2790	Saint-Chéron
3146	Montfort-sur-Risle
612	Capestang
747	Amilly
1135	Douai
2781	Darnétal
125	Guéret
1161	Lille-Sud-Est
408	Lannilis
1470	Saint-Jean-de-Daye
3516	Lunéville-Nord
3456	Châteauvillain
1333	Caen  2e  Canton
1070	Nogent-sur-Seine
1931	Tournon-Saint-Martin
2412	Montpezat-de-Quercy
3040	Manosque-Sud-Est
638	Lens
1415	Clermont
3522	Vauvillers
2874	Tuffé
758	Saint-Renan
568	Saint-Trivier-sur-Moignans
2940	Le Quesnoy-Est
620	Avallon
1895	Saint-Germain-de-Calberte
294	Orléans
431	Moncontour
1605	Laloubère
1023	Garges-lès-Gonesse-Est
1324	Puy-l'Évêque
2281	Caumont-l'Éventé
903	Cormeilles-en-Parisis
474	Olmeto
2777	Bricquebec
1752	Casteljaloux
3607	Romorantin-Lanthenay-Nord
2381	Masevaux
2339	Mont-de-Marsan-Nord
2750	Baraqueville-Sauveterre
861	Vienne-Nord
1094	Monestier-de-Clermont
82	Lattes
927	Poissy
2634	Saint-Astier
1938	Rillieux-la-Pape
2415	Chârost
526	Val-de-Reuil
1772	Champigny-sur-Marne
2766	Imphy
346	Criquetot-l'Esneval
2116	Capendu
3	Villeneuve-lès-Avignon
1500	Cahors-Nord-Ouest
2982	Beaune-la-Rolande
2598	Grand-Champ
187	Albert
610	Givors
969	Fayence
1976	Anet
2463	Domart-en-Ponthieu
1345	Rueil-Malmaison
2354	Chazelles-sur-Lyon
2217	Heyrieux
2808	Chambon-sur-Voueize
795	Bourg-Saint-Andéol
451	Corte
2180	Treffort-Cuisiat
846	Lusigny-sur-Barse
959	Asnières-sur-Seine
560	Meung-sur-Loire
1947	Guémené-Penfao
1398	Josselin
1531	Voiteur
2007	Argenton-les-Vallées
1	Roquemaure
2326	Niolu-Omessa
1668	Saint-Étienne-Nord-Ouest-2
2689	Montlhéry
2173	Saint-Étienne-Nord-Ouest-1
2739	Gaillon
2033	Le Monastier-sur-Gazeille
1548	Étaples
827	Chamrousse
2831	Pontacq
3563	Chemin
338	Thury-Harcourt
667	Rozay-en-Brie
1377	Herblay
2942	Mayenne-Ouest
323	Sarlat-la-Canéda
342	Tourcoing
2556	Florange
3093	Ploudiry
731	Valenciennes
1477	Corps
2499	Breteuil
933	Roye
3526	Beaucourt
1209	Sarreguemines
1406	La Valette-du-Var
3133	Bierné
3617	Wassy
321	Audenge
2531	Saint-Saëns
3051	Colmar-Sud
1939	Montluel
2416	Châlette-sur-Loing
3211	Saintes-Est
2073	Thèze
971	Romorantin-Lanthenay
2976	Plaisance
2537	Longny-au-Perche
2886	Équeurdreville-Hainneville
2625	Beaurepaire
3096	Saint-Bonnet-le-Château
752	Rochefort-Montagne
438	Mézel
590	Chablis
3293	Maubeuge-Nord
2403	Brioux-sur-Boutonne
2957	Ancy-le-Franc
1051	Montargis
2494	Évreux-Est
990	Vannes-Est
2364	Plélan-le-Petit
920	Briançon-Nord
3610	Saint-Junien-Ouest
1040	Aumont-Aubrac
2407	Le Mêle-sur-Sarthe
1168	Verdun-sur-le-Doubs
2071	Andrésy
693	Joyeuse
3042	Romilly-sur-Seine
1083	Loudéac
1383	Antony
3379	Brouvelieures
580	Vallauris-Antibes-Ouest
394	Mèze
497	Marseille, 8e arrondissement
522	Troyes  1er Canton
3652	Amance
2298	Elven
2971	Saint-Sernin-sur-Rance
1412	Moret-sur-Loing
984	Saint-Martin-de-Seignanx
1463	Vineuil
785	Trets
2837	Londinières
2164	Valence-sur-Baïse
128	Hyères
1356	Peyruis
2199	Fismes
1111	Épinay-sur-Seine
1435	Nogaro
2098	Sizun
2545	Limoges-Condat
1181	Figari
2581	Le Cheylard
202	Luxeuil-les-Bains
3313	Carrouges
2746	Nouvion
685	Lunas
554	Gap
1818	Saint-Claud
2543	Notre-Dame-de-Bondeville
476	Vauvert
2446	Parthenay
2474	Seclin-Sud
1394	Homécourt
2872	Haroué
1631	Corbigny
1712	Marguerittes
1521	Champtoceaux
1055	Poitiers  5e  Canton
671	La Rochelle  5e  Canton
3421	Beauville
3575	Briouze
3075	Norrent-Fontes
313	Lubersac
1930	Sainte-Sévère-sur-Indre
2283	Routot
1522	Beaupréau
1594	Arpajon-sur-Cère
3104	Pré-en-Pail
1864	Noyon
2577	Mortagne-au-Perche
72	Dijon
3029	Miradoux
491	Thiron-Gardais
2196	Vézelay
421	Coutances
2114	Béthune
405	Blois
144	Tremblay-en-France
1578	Maubourguet
3476	Louvigné-du-Désert
553	Castries
3533	Salles-sur-l'Hers
2229	Saint-Léonard-de-Noblat
3660	Tartas-Est
500	Provins
1407	Clamecy
3430	Dompaire
736	Saint-Philbert-de-Grand-Lieu
1665	Avize
233	Annecy
3420	Grandvillars
2493	Évreux-Ouest
3598	Cholet  3e  Canton
1420	Le Poiré-sur-Vie
999	Puget-Théniers
597	Lunel
533	La Roche-Bernard
1520	Pontoise
3474	Neuilly-le-Réal
3426	Dreux-Ouest
2105	Neuvic
2680	Saint-Florent-le-Vieil
2202	Saint-Germain-lès-Corbeil
2485	Salvagnac
981	Châlons-en-Champagne  3e  Canton
2082	Langogne
413	Gex
772	Obernai
1123	Vandœuvre-lès-Nancy
875	Anse
160	Dole
3621	Rumigny
2275	Taulé
3651	Chavanges
541	Niort
2439	Nice 13e  Canton
1087	Bourg-en-Bresse
1695	Arles-sur-Tech
2764	Laventie
1330	La Grave
1005	Braine
1535	Pissos
1672	Marson
1714	Poix-de-Picardie
1682	Montech
3631	Mézières-Centre-Ouest
564	Gramat
1963	Murviel-lès-Béziers
61	Versailles
180	Clermont-Ferrand
2208	Valleraugue
662	Vélizy-Villacoublay
2022	Aspres-sur-Buëch
2367	Saint-Martin-de-Londres
1309	Maubeuge
2400	Guillon
3097	Montluçon-Est (4e Canton)
2205	Wittenheim
3388	Saint-Amand-Longpré
1501	Gaillac
1928	Montluçon-Nord-Est (1er Canton)
603	Villamblard
1781	Beaumont-du-Périgord
1471	Fontaine-lès-Dijon
3127	Darney
1657	Douvaine
2163	Villemur-sur-Tarn
429	Tourcoing-Nord
1504	Saint-Méen-le-Grand
655	Seclin
3082	Monclar
780	Nantes 10e  Canton
2690	La Guiche
1316	Quillan
2916	Mortrée
1722	Cambrai-Ouest
937	Sospel
1745	Aire-sur-la-Lys
763	Saint-Hilaire-des-Loges
301	Senlis
1505	Salers
2950	Eygurande
2857	Vitteaux
1995	Beauvais-Sud-Ouest
1671	Mézin
403	Mulhouse
463	Lyon, 7e arrondissement
276	Saint-Chinian
1288	Châteaudun
855	Montfort-l'Amaury
1245	Tavernes
3049	Lassay-les-Châteaux
2841	Vorey
2136	Eauze
670	Taninges
2830	Gueugnon
578	Le Muy
1445	L'Isle-sur-Serein
3287	Saint-Germain-en-Laye-Nord
482	Saint-Georges-sur-Loire
3103	Marines
913	Availles-Limouzine
1239	Volonne
2127	Le Massegros
2573	Bruay-la-Buissière
3597	Sournia
1812	Aubeterre-sur-Dronne
2606	Le Blanc
38	Saint-Jean-de-Luz
3034	Écommoy
3124	Charny
979	Le Pellerin
3084	Confolens-Sud
131	Sommières
1972	Sauve
3046	Graulhet
1095	Bois-Guillaume
1403	Aubagne-Ouest
2546	Louviers-Sud
2700	Saint-Mamet-la-Salvetat
729	Samer
3487	Écueillé
2067	Belvès
3160	Saint-Just-en-Chaussée
683	Sisteron
2809	Fanjeaux
2139	Vatan
1993	Bobigny
2408	Decazeville
309	Canet-en-Roussillon
1118	Pierrefort
2508	Lauzun
2456	Saint-Germain-du-Teil
1165	Palaiseau
2406	Caen  8e  Canton
3330	Avesnes-le-Comte
3649	Selommes
3437	Saignes
425	Chevreuse
2954	Mauriac
3595	Argueil
377	Carlux
95	Saint-Herblain
1580	Jaligny-sur-Besbre
2028	Feurs
1461	Douai-Nord-Est
847	Tourlaville
3466	Saint-Seine-l'Abbaye
544	Aurillac
3389	Moulins-Engilbert
3055	Poitiers  2e  Canton
1436	Péronne
994	Challans
1599	Neuillé-Pont-Pierre
1876	Firminy
1511	Fay-sur-Lignon
1937	Miribel
1289	Coulommiers
119	Mantes-la-Ville
257	Saint-Paul-Trois-Châteaux
3024	Valbonnais
2337	Marcillat-en-Combraille
2753	Longuyon
130	Sélestat
3318	Castres-Ouest
2182	Barenton
3117	Varennes-en-Argonne
58	Marseille, 9e arrondissement
1595	Dompierre-sur-Besbre
1742	Seurre
2155	Solre-le-Château
1140	Écouen
182	Caen  1er Canton
1283	Saint-Nicolas-de-Redon
2378	Pontrieux
854	Piney
1130	Peyreleau
1808	Saint-Maixent-l'École  1er Canton
41	Avignon
437	Allauch
850	Lyon, 8e arrondissement
1043	Gonfreville-l'Orcher
1172	L'Île-d'Yeu
2694	Limoges-Isle
2622	Vouillé
1660	Faverges
895	Pau
2805	Elbeuf
953	Eymet
1100	Dammartin-en-Goële
2992	Vouziers
2960	Angers-Nord-Est
3073	Bayon
370	Marly-le-Roi
174	Rians
2974	Châteauneuf-de-Randon
504	Guérande
3121	Le Grand-Bourg
2768	La Charité-sur-Loire
3371	Jarnages
790	Bouxwiller
1125	Surgères
1085	Le Caylar
2981	Belcaire
440	Pauillac
1196	Hagetmau
2450	Pontvallain
1416	Peyrehorade
2613	Cornus
892	Bozel
2859	Courville-sur-Eure
2678	Crécy-en-Ponthieu
2669	Ruffec
1185	Cenon
3271	La Machine
2350	Saint-Germain-l'Herm
325	Cahors
375	Talmont-Saint-Hilaire
1728	Bonneval
733	Saint-Hilaire-du-Harcouët
2549	Mayet
1236	Solliès-Pont
1141	Génolhac
506	Malaucène
793	Serrières
3087	Sillé-le-Guillaume
1334	Le Buisson-de-Cadouin
2351	Zicavo
516	Retiers
1259	Rougemont-le-Château
21	Ribeauvillé
3463	Melun-Sud
1869	Chamalières
926	Hasparren
1952	Seyne
2684	Roquecourbe
1970	Condé-en-Brie
3270	Liancourt
3140	La Fère
1868	Plouescat
326	Hucqueliers
2905	Dormans
2049	Bacqueville-en-Caux
2261	La Châtaigneraie
3558	Pellegrue
3628	Montbéliard-Est
957	Le Mans-Nord-Ouest
1031	Sully-sur-Loire
1092	Meylan
3665	Roisel
227	Saint-Rémy-de-Provence
1984	Valognes
673	Aytré
1039	Montpon-Ménestérol
659	Mareuil
1834	Castillon-la-Bataille
1054	Moïta-Verde
3228	Loulay
3039	Liffré
664	Saint-Pol-de-Léon
1733	Saint-Jean-d'Angély
3446	Saint-Sulpice-les-Champs
3063	Saint-Lizier
2731	Limoges-Couzeix
3452	Vailly-sur-Sauldre
3491	Aureilhan
2168	Damazan
3239	Saint-Julien-du-Sault
1296	Agen-Nord
3149	Grenade-sur-l'Adour
1059	Vendôme
3115	Acheux-en-Amiénois
783	Méru
2624	Romans-sur-Isère  2e  Canton
3618	Belmont-de-la-Loire
3268	Coucy-le-Château-Auffrique
3438	Garches
586	Béziers  3e  Canton
449	Sarre-Union
1064	Périgueux
1562	Dijon  1er Canton
684	Fontaine
1573	Nevers
340	Vitry-le-François
1679	Saint-Malo-Sud
1823	Drancy
2170	Lannemezan
209	Bayonne
1719	Nay-Ouest
2187	Saint-Estève
3229	Plœuc-sur-Lié
991	Ryes
2724	Plouigneau
3502	Aubigny-en-Artois
1079	Sartilly
1713	Savignac-les-Églises
1465	Neuves-Maisons
1780	Saint-Gaultier
595	Monflanquin
2895	Évrecy
717	Puteaux
1959	Wormhout
2409	Salies-de-Béarn
2552	Montesquieu-Volvestre
3021	Corbeil-Essonnes-Ouest
3404	Vezzani
3274	Montdidier
1361	Brétigny-sur-Orge
1919	Montlouis-sur-Loire
626	Beaumes-de-Venise
2095	Neufchâteau
3080	Messei
2646	Valdoie
132	Seclin-Nord
3386	Nouzonville
3591	Machault
1396	Le Bois-d'Oingt
13	Six-Fours-les-Plages
3511	La Roche-Derrien
2171	Séméac
3185	Fontaine-Française
468	Labruguière
2299	Wingles
71	Mirepoix
1002	Dreux
3634	Montiers-sur-Saulx
1076	Mirambeau
2311	Hazebrouck-Sud
3132	Tilly-sur-Seulles
1630	Montsauche-les-Settons
581	Poitiers  7e  Canton
1351	Vesoul
2001	Saint-Chamond-Sud
324	Domme
1793	Semur-en-Auxois
3246	Saint-Trivier-de-Courtes
2192	Aramits
2813	Malzéville
625	Gevrey-Chambertin
1767	Bannalec
1541	Villemomble
195	Castelnau-de-Médoc
2943	Bais
447	Fraize
2469	La Javie
1935	Moulins-Ouest
593	Angoulême
3503	Charly-sur-Marne
3331	Felletin
2253	Saint-Hippolyte
1770	Cosne-Cours-sur-Loire-Sud
34	Hendaye
1827	Marcigny
508	Melun-Nord
1743	Briançon-Sud
308	La Voulte-sur-Rhône
2336	Lanta
2325	Livarot
1027	Saint-Pierre-Église
2101	Taverny
3481	Chambley-Bussières
3562	Uzel
1387	Échirolles
2333	Saint-André-de-l'Eure
3007	Magnac-Laval
3128	Jussey
2096	Plouay
2832	Châteauneuf-sur-Loire
1506	Beaujeu
3027	Chéroy
1912	La Pacaudière
1915	Andolsheim
2240	Lunéville-Sud
1080	Bréhal
2851	Viry-Châtillon
2759	Grostenquin
1783	Lagny-sur-Marne
515	Le Mans
2422	Saint-Paul-de-Fenouillet
770	Brest-Plouzané
2516	Melle
1515	Foix-Ville
888	Plombières-les-Bains
776	Morsang-sur-Orge
876	Condrieu
2491	Brou
3596	Galan
1238	Clairvaux-les-Lacs
20	Amboise
3018	Pierre-Buffière
2338	Bron
3405	Selongey
1045	Arzacq-Arraziguet
3262	Saint-Sauveur
422	Perthes
1180	Saint-Péray
605	Aiguilles
951	Lalinde
705	Houilles
1093	La Mure
490	Illiers-Combray
3659	Hornoy-le-Bourg
2920	Saintes-Ouest
59	Paris, 18e arrondissement
2404	Tourcoing-Nord-Est
1498	Lamballe
176	Paris, 12e arrondissement
1796	Combourg
1753	Saint-Germain-du-Plain
845	Auxerre-Nord
2966	Saint-Béat
3582	Ham
804	Issigeac
1491	Héricourt
3629	Le Puy-en-Velay-Sud-Est
2956	Saint-Amans-Soult
636	Longwy
2617	Saint-Ismier
3413	Jussac
3258	Bruyères
1612	Gennes
2923	Tulle-Campagne-Nord
1751	Sainte-Foy-la-Grande
1878	La Ferté-Gaucher
2948	Saint-Clar
208	Lyon, 3e arrondissement
694	Villeurbanne
314	Soustons
3642	Le Teilleul
1192	Tarascon
1720	Cosne-Cours-sur-Loire
3433	Abbeville-Sud
1926	Évron
2195	Flize
3639	Cirey-sur-Vezouze
197	Wasselonne
3381	Champdeniers-Saint-Denis
2066	Aurignac
1418	Bry-sur-Marne
2989	Massat
133	Thorigny-sur-Marne
2305	Châtenay-Malabry
2147	Ambazac
2070	Champs-sur-Marne
3609	Outarville
3182	Moulins-Sud
379	Barr
2570	Beaumont-le-Roger
2666	Meymac
3004	Olliergues
2487	Bidache
2080	Châteauneuf-du-Faou
3226	Angers-Nord-Ouest
320	Sallanches
2331	Le Mans-Sud-Est
3308	Marcilly-le-Hayer
817	Louhans
2720	Axat
1265	Goncelin
1678	Montcuq
837	Chantilly
2135	Clary
3162	Ligny-en-Barrois
601	Lapoutroie
2565	Villeréal
3552	Tartas
343	Pont-l'Abbé
572	Doué-la-Fontaine
3414	Bellencombre
1490	Raon-l'Étape
907	Le Vésinet
635	Yutz
3071	Autun-Sud
680	Yenne
2432	Condé-sur-Noireau
3303	Saint-Benin-d'Azy
2927	Pouancé
2986	Maubeuge-Sud
2120	Le Theil
3290	Villeneuve-sur-Lot-Sud
2269	Albertville
3173	Vouneuil-sur-Vienne
357	Anglet
1148	Bruz
2306	Cachan
2433	Villandraut
815	Lanmeur
480	Saint-Amand-Montrond
2755	Saint-Jean-Soleymieux
2806	Châteauponsac
172	Barjac
3408	Doudeville
767	Pont-Aven
2099	Saint-Thégonnec
2484	Le Fousseret
1768	Landerneau
170	Le Loroux-Bottereau
531	Verdun
1037	Melun
453	Contes
668	Pont-Croix
1018	Cruseilles
3472	Prauthoy
3329	Saint-Maixent-l'École  2e  Canton
2803	Saint-Junien-Est
519	Le Mans-Est-Campagne
389	Baud
1311	Écury-sur-Coole
3523	Houeillès
1732	Nœux-les-Mines
1804	Orgelet
384	Saint-Amant-Tallende
1074	Mordelles
2748	Lons-le-Saunier-Sud
3157	Fontaine-Sassenage
3663	Saint-Bonnet-de-Joux
3100	Le Chambon-Feugerolles
2756	Ris-Orangis
11	Antraigues-sur-Volane
587	Salignac-Eyvigues
3209	Grancey-le-Château-Neuvelle
1532	Sabres
80	Limoges
2672	Hauteville-Lompnes
1832	Saint-Maixent-l'École
746	Valenciennes-Nord
1622	Tournefeuille
3440	Maël-Carhaix
221	Agde
2134	Auch-Sud-Ouest
2902	La Bastide-de-Sérou
2064	Camarès
1326	Gannat
3028	Gémozac
2591	Le Grand-Lemps
3279	Lanvollon
1177	Agen
2123	Bretteville-sur-Laize
1697	Évran
1104	Courson-les-Carrières
1838	Joinville
898	Beaune-Sud
1302	Château-Gontier
3593	Montpont-en-Bresse
2868	Sousceyrac
3402	Briec
303	La Rochelle  9e  Canton
3048	Puiseaux
3571	Château-Salins
203	Huningue
3623	Vitry-le-François-Ouest
1881	L'Aigle-Est
3340	Carmaux-Nord
2928	Morlaàs
865	La Ferté-Bernard
1444	Annemasse-Sud
3037	Falaise-Sud
3054	Poitiers  6e  Canton
2583	Loudes
402	Saint-Maximin-la-Sainte-Baume
1905	Gentilly
2949	Labrit
3312	Is-sur-Tille
923	Espelette
871	Magny-en-Vexin
74	Périgueux-Nord-Est
3442	Roquesteron
579	Saint-Bonnet-en-Champsaur
2149	Marseille, 13e arrondissement
2535	La Bâtie-Neuve
399	Comps-sur-Artuby
3210	Bray-sur-Somme
62	Schiltigheim
851	Rivesaltes
1301	Saint-Sauveur-sur-Tinée
1352	Clisson
1571	Brignoles
1221	Aniane
621	Briey
1888	Brûlon
609	Meyssac
3518	Bonnétable
107	Nîmes
1443	Reignier-Ésery
2763	Metzervisse
2025	Sellières
1737	Le Creusot-Est
828	Évreux
1448	Soyaux
2776	Plouha
234	Schirmeck
2970	Loué
1779	Morez
3050	Mugron
3134	Lusignan
151	Port-Louis
2704	Marseille-en-Beauvaisis
1553	Wattrelos
2815	Le Russey
3584	Vignory
467	Dourgne
613	Pierrefitte-sur-Seine
697	L'Hautil
3626	Caen  4e  Canton
2413	Sainte-Livrade-sur-Lot
1328	Saint-Chély-d'Apcher
1282	Chinon
3175	Chauffailles
2156	Berlaimont
934	Le Havre  6e  Canton
844	Saint-Florentin
1247	Les Planches-en-Montagne
737	La Suze-sur-Sarthe
1194	Épinal
1994	Putanges-Pont-Écrepin
2251	Tonnerre
2527	Celles-sur-Belle
2151	Marmoutier
2765	Épinac
810	Vermenton
2026	Sochaux-Grand-Charmont
3428	Saint-Sulpice-les-Feuilles
1675	Saint-Chaptes
1651	Cholet  2e  Canton
240	Nyons
856	Meulan-en-Yvelines
1618	Venaco
2161	Monéteau
3219	Cadours
3025	Albi-Nord-Ouest
3392	Hallencourt
1494	Thonon-les-Bains-Est
3213	Vailly-sur-Aisne
2559	Selles-sur-Cher
952	Duclair
28	Lille
1495	Senones
1691	Coutras
1291	Tarare
108	Hennebont
2538	Fresne-Saint-Mamès
3155	Saint-Calais
2892	Donzy
371	Mimizan
1355	Argentré
273	Lectoure
2284	Port-Sainte-Marie
3225	Longeau-Percey
2528	Ferrières-en-Gâtinais
3378	Revin
2864	Rocroi
2898	Oisemont
534	Trévières
3377	Garges-lès-Gonesse
2320	Saint-Simon
443	Vielle-Aure
3611	Varzy
3376	Montaner
689	Cuers
193	Molsheim
2553	L'Isle-en-Dodon
2328	Saint-Julien-l'Ars
2169	Astaffort
3554	Saint-Laurent-de-Neste
2877	Bourguébus
1365	Salviac
3272	Saint-Aubin-d'Aubigné
860	Mornant
3328	Lafrançaise
388	Dax-Nord
1747	Gerzat
812	Bastelica
2465	Chalabre
2604	Marigny
2951	Conliège
268	Auray
1268	Cazères
1384	Saint-Vallier
1700	Payrac
2426	Naucelle
297	Oradour-sur-Vayres
1386	Bordères-sur-l'Échez
1068	Villeneuve-d'Ascq
1513	Saint-Étienne-Nord-Est-2
220	Rambouillet
2988	Moÿ-de-l'Aisne
466	Castres
373	L'Île-Rousse
1813	Dunkerque-Est
2860	Buchy
52	Paris, 16e arrondissement
940	Saint-Sauveur-en-Puisaye
461	Saint-Arnoult-en-Yvelines
2441	Saint-Héand
3154	Avignon-Est
434	Vittel
2024	Laragne-Montéglin
352	Vence
986	Le Perreux-sur-Marne
2820	Lumbres
3294	Auzon
3320	Blesle
2324	Roissy-en-Brie
509	La Ferté-sous-Jouarre
3451	Monts-sur-Guesnes
611	Brantôme
2702	Thiéblemont-Farémont
473	Revel
2922	Arlanc
3403	Juvisy-sur-Orge
1208	La Souterraine
2065	Lescar
1368	Roussillon
1057	Chaudes-Aigues
1944	Couches
396	Maurepas
2041	Le Bouscat
3350	Le Nouvion-en-Thiérache
966	Béziers  2e  Canton
2652	Donzenac
3578	Auzances
329	Calais
527	Les Sables-d'Olonne
2153	Seignelay
275	Saintes
3113	Chaulnes
1008	Gien
236	Guillestre
1479	Jugon-les-Lacs
774	Paimbœuf
2829	Mont-Saint-Vincent
3411	Ramerupt
1921	Château-du-Loir
1782	Rodez-Est
2882	Avesnes-sur-Helpe-Nord
1455	Bergues
419	Barneville-Carteret
1257	Marseille, 4e arrondissement
1063	Dijon  2e  Canton
1211	Rennes-Sud-Est
545	Murat
775	Laval
730	Beaumont-sur-Oise
2881	Brossac
1357	Besse-sur-Issole
3341	Saint-Flour-Sud
1565	Draveil
1634	Poissy-Nord
3541	Conlie
362	Guebwiller
1680	Saint-Léger-sous-Beuvray
2994	Romans-sur-Isère  1er Canton
2910	Ribiers
834	Ouessant
232	Saint-Malo
2476	Sedan-Nord
1475	Troyes  7e  Canton
3530	Nonancourt
787	Montereau-Fault-Yonne
1462	Bouzonville
3278	Plouagat
3177	La Mothe-Saint-Héray
3568	Héricourt-Est
2455	Saint-Gervais-sur-Mare
1561	Malemort-sur-Corrèze
884	Cotignac
248	Riez
252	Pierrelatte
1439	Segré
3469	Belle-Isle-en-Terre
1588	Hesdin
2921	Lorrez-le-Bocage-Préaux
2206	Vinça
2930	Dieppe-Est
2793	Saint-Pardoux-la-Rivière
3435	Maure-de-Bretagne
1178	Loudun
2145	Le Mée-sur-Seine
289	Douarnenez
1307	Saujon
3579	Amiens  2e  (Nord-Ouest)
2749	La Chaise-Dieu
472	Lautrec
2919	Argent-sur-Sauldre
3439	Guîtres
2495	Conches-en-Ouche
254	Bayeux
1833	Lezay
2965	Noisiel
1042	Muret
3242	Saint-Sever-Calvados
1050	Brunoy
118	Craponne-sur-Arzon
1219	Thueyts
3447	Saint-Georges-en-Couzan
1022	Saint-Amans
2094	Yerres
2660	Francescas
2221	Amancey
292	Douai-Sud
2801	Cadalen
1338	Castelnau-le-Lez
1613	Les Échelles
3505	Avesnes-sur-Helpe-Sud
1090	Belleville
1124	Saint-Didier-en-Velay
2687	Gerbéviller
639	Doullens
1305	Lannion
2800	Villefranche-d'Albigeois
2150	La Chapelle-Saint-Luc
3569	Lamarche
1635	Saint-Dier-d'Auvergne
3286	Lasseube
2032	Riom-Est
2845	Châtillon
363	Ensisheim
823	Tarbes
1041	Alès
1264	Le Touvet
2952	Champagne-Mouton
2567	Boën
576	Ambérieu-en-Bugey
109	Fécamp
1146	Tulle-Campagne-Sud
199	Grasse
879	Vienne-Sud
672	Vayrac
2601	Entrevaux
3030	Bray-sur-Seine
2419	Auxerre-Est
678	Lanslebourg-Mont-Cenis
2792	Guichen
696	Segonzac
31	Verneuil-sur-Avre
2219	Quingey
2875	Tonneins
1197	Lavit
3524	Laurière
2555	Castelnaudary-Sud
3480	Saint-Herblain-Ouest-Indre
719	Bastia
1413	La Clayette
1440	Pontgibaud
582	Portet-sur-Garonne
2004	La Bastide-Clairence
2126	Saint-Alban-Leysse
1113	Saumur-Nord
2266	Bar-sur-Aube
2758	Bretenoux
2084	Herment
2997	Saint-Jean-Brévelay
1378	Sèvres
2509	Monségur
1920	Château-la-Vallière
2529	Le Thillot
2638	La Côte-Saint-André
3247	Randan
2576	Saint-Dizier-Nord-Est
3359	Vendôme  1er Canton
238	Arles-Est
1760	Saint-Savin
3275	Montrevault
1350	Chaillé-les-Marais
1806	Lugny
212	Chagny
2500	Saint-Beauzély
1575	Condat
2572	Cambrin
1024	Riom
2138	Bailleul-Nord-Est
2368	Miélan
1342	Toul
1512	Le Puy-en-Velay-Est
2040	Montmédy
3307	La Ferté-Frênel
2501	Langeac
1038	La Gacilly
2468	Méréville
2610	Mazamet-Sud-Ouest
1109	Marmande
2467	Moissac  1er Canton
528	Seynod
1803	Joinville-le-Pont
1426	Montier-en-Der
2201	Saint-Flour-Nord
1597	Laroquebrou
3207	Beaurepaire-en-Bresse
1906	Noisy-le-Sec
3661	Saint-Varent
2046	Reims  8e  Canton
3020	Saint-Berthevin
2888	Beynat
3496	Vitré-Est
2869	Pange
2692	Bains-les-Bains
3098	Commentry
3441	Pierrefitte-sur-Aire
1273	Gleizé
2307	Mont-Saint-Martin
1390	Gourdon
1286	Pignan
629	Borgo
5	Manosque
54	Marseille, 2e arrondissement
2880	Narbonne-Ouest
3588	Villeneuve-sur-Lot-Nord
1203	Roubaix
832	Tessy-sur-Vire
1824	Bazas
2897	Gray
2327	Rioz
2359	Oloron-Sainte-Marie-Est
1081	Percy
2030	Pougues-les-Eaux
149	Valréas
344	Bourg-Saint-Maurice
3116	Néronde
3418	Fénétrange
2848	Neuville-de-Poitou
244	Décines-Charpieu
2946	Auch-Sud-Est-Seissan
2619	Vigneux-sur-Seine
2834	Bléneau
355	Limay
2673	Lezoux
2713	Vendôme  2e  Canton
2791	Châteaubourg
2861	Varades
2536	Gournay-en-Bray
949	Marseille, 11e arrondissement
1866	Fiumalto-d'Ampugnani
1487	Malestroit
485	Dunkerque
765	Luçon
2461	Joigny
1583	Roquevaire
1544	Sainte-Marie-aux-Mines
3119	Saint-Germain-les-Belles
712	Thonon-les-Bains-Ouest
561	Lussac-les-Châteaux
1969	Pouzauges
3323	Les Pavillons-sous-Bois
761	Mézières-en-Brenne
1216	Châteauroux-Est
3015	Montsûrs
507	Concarneau
3492	Sancergues
1371	Montataire
2779	Navarrenx
1902	Bouloire
3006	Confolens
918	Pont-l'Évêque
778	Noisy-le-Grand
99	Reims  1er Canton
1226	Escurolles
1741	Viarmes
2107	Serres
3417	Coligny
317	Saint-Valery-sur-Somme
2918	Thouars  1er Canton
798	Orange
1277	Castelnaudary
3235	Gentioux-Pigerolles
146	Buis-les-Baronnies
623	Bar-le-Duc
1523	Steenvoorde
3076	Saint-Dié-des-Vosges-Ouest
1066	Ayen
1062	Najac
906	Montignac
3150	Les Riceys
225	Le Haut-Nebbio
1457	Le Quesnoy
1603	Prats-de-Mollo-la-Preste
3499	Saulx
270	L'Isle-Adam
833	Sault
1452	Vallet
3301	Bouchain
1483	Saverdun
628	Pernes-les-Fontaines
1957	Saint-Omer-Sud
2490	Aulnay-sous-Bois
3464	Omont
1274	Limonest
3453	Revigny-sur-Ornain
3230	Gacé
1430	Bessines-sur-Gartempe
3460	Valenton
2512	Seichamps
701	Riscle
1596	Ribérac
3603	Ribemont
121	Fougères
792	La Ravoire
17	Saint-Raphaël
102	Trouville-sur-Mer
1187	Desvres
2889	Allanche
349	Cambrai
3180	Trèves
567	Montreuil-Bellay
1734	Audincourt
1619	Marcoing
2772	Alfortville
2618	Brioude-Nord
369	Villefranche-de-Rouergue
2021	Hérimoncourt
1914	Le Donjon
1629	L'Isle-d'Abeau
1586	Tourcoing-Sud
2445	Friville-Escarbotin
2550	Corbeil-Essonnes
505	Villefort
2091	Rosporden
1034	Besse-et-Saint-Anastaise
1539	Fresnes
3415	Vabre
3136	La Capelle
3647	Vassy
607	Saillagouse
2260	Cazals
278	Moûtiers
2710	Château-Gontier-Est
3387	Attigny
3507	Guiscard
547	Bernay-Est
1799	Montfort-en-Chalosse
3374	Saint-Sauveur-Lendelin
196	Pont-Audemer
757	Guilvinec
83	Cluses
68	Côte Vermeille
2936	Seuil-d'Argonne
2968	La Salvetat-Peyralès
2383	Perpignan  3e  Canton
2814	Le Parcq
2279	Baume-les-Dames
86	Châtillon-sur-Chalaronne
3517	Cahors-Sud
1397	Montrésor
950	Jumeaux
1794	Orcières
53	Paris, 14e arrondissement
1004	Épernay  2e  Canton
3045	Beaumesnil
3406	Bourbriac
2770	Rebais
734	Franconville
3632	Villiers-Saint-Georges
2711	Chaussin
2728	Pavilly
3000	Montredon-Labessonnié
642	Les Vans
896	Campoloro-di-Moriani
882	Bischwiller
1077	Luynes
539	Le Croisic
1126	Saint-Geniez-d'Olt
2725	Fougères-Sud
1347	Thouars
