id	name
59	Seine-Saint-Denis
6	Ardèche
58	Lozère
80	Sarthe
8	Var
12	Aube
35	Pyrénées-Orientales
7	Hautes-Alpes
66	Doubs
9	Bouches-du-Rhône
92	Indre
48	Somme
1	Gard
57	Seine-et-Marne
52	Haute-Loire
17	Corse-du-Sud
5	Vaucluse
94	Ardennes
31	Bas-Rhin
75	Gers
46	Marne
72	Haute-Corse
21	Eure
45	Vendée
89	Charente
15	Rhône
24	Pyrénées-Atlantiques
30	Meuse
65	Meurthe-et-Moselle
41	Ain
63	Isère
81	Val-de-Marne
51	Tarn
62	Côtes-d'Armor
40	Cantal
79	Lot
73	Hautes-Pyrénées
11	Savoie
87	Yonne
85	Eure-et-Loir
37	Allier
42	Loire
55	Landes
43	Vienne
61	Finistère
76	Loiret
53	Hauts-de-Seine
74	Haute-Garonne
60	Manche
83	Vosges
90	Lot-et-Garonne
22	Aude
70	Haute-Saône
54	Ille-et-Vilaine
25	Dordogne
44	Loire-Atlantique
50	Seine-Maritime
95	Nièvre
3	Charente-Maritime
10	Gironde
28	Pas-de-Calais
49	Morbihan
86	Cher
26	Haute-Savoie
34	Yvelines
69	Val-d'Oise
56	Creuse
68	Orne
67	Puy-de-Dôme
84	Tarn-et-Garonne
4	Alpes-de-Haute-Provence
20	Alpes-Maritimes
39	Hérault
91	Aisne
33	Essonne
47	Maine-et-Loire
13	Indre-et-Loire
77	Oise
27	Ariège
96	Haute-Marne
23	Drôme
38	Haute-Vienne
32	Calvados
88	Deux-Sèvres
14	Haut-Rhin
16	Côte-d'Or
78	Corrèze
2	Aveyron
19	Nord
29	Saône-et-Loire
64	Jura
82	Loir-et-Cher
93	Mayenne
36	Moselle
71	Territoire de Belfort
18	Paris
