id	name
1	Nîmes
2	Rodez
3	La Rochelle
4	Forcalquier
5	Apt
6	Largentière
7	Alès
8	Briançon
9	Toulon
10	Aix-en-Provence
11	Lesparre-Médoc
12	Albertville
13	Draguignan
14	Troyes
15	Tours
16	Ribeauvillé
17	Lyon
18	Beaune
19	Arles
20	Sartène
21	Paris, 7e arrondissement
22	Paris, 9e arrondissement
23	Lille
24	Nice
25	Paris, 15e arrondissement
26	Évreux
27	Carcassonne
28	Nyons
29	Bayonne
30	Bergerac
31	Thonon-les-Bains
32	Foix
33	Blaye
34	Arcachon
35	Avignon
36	Montreuil
37	Chalon-sur-Saône
38	Verdun
39	Commercy
40	Saverne
41	Caen
42	Paris, 11e arrondissement
43	Paris, 6e arrondissement
44	Paris, 16e arrondissement
45	Paris, 14e arrondissement
46	Marseille
47	Paris, 18e arrondissement
48	Évry
49	Versailles
50	Strasbourg-Campagne
51	Grasse
52	Paris, 8e arrondissement
53	Boulogne-sur-Mer
54	Perpignan
55	Céret
56	Bordeaux
57	Pamiers
58	Dijon
59	Metz-Campagne
60	Périgueux
61	Montluçon
62	Chambéry
63	Limoges
64	Montpellier
65	Bonneville
66	Mâcon
67	Saint-Flour
68	Bourg-en-Bresse
69	Saint-Étienne
70	Poitiers
71	Rochefort
72	Nantes
73	Les Sables-d'Olonne
74	Épernay
75	Reims
76	Saumur
77	Lisieux
78	Amiens
79	Lorient
80	Le Havre
81	Albi
82	Le Puy-en-Velay
83	Mantes-la-Jolie
84	Nanterre
85	Fougères-Vitré
86	Paris, 12e arronissement
87	Paris, 1er arrondissement
88	Mont-de-Marsan
89	Guéret
90	Paris, 4e arrondissement
91	Montbard
92	Sélestat-Erstein
93	Torcy
94	Paris, 17e arrondissement
95	Florac
96	Le Raincy
97	Cherbourg
98	Pontivy
99	Châteaulin
100	Dinan
101	Quimper
102	Grenoble
103	Lons-le-Saunier
104	Dole
105	Paris, 5e arrondissement
106	Dieppe
107	Rouen
108	Rennes
109	Nancy
110	Loches
111	Forbach
112	Brignoles
113	Besançon
114	Paris, 12e arrondissement
115	Paris, 20e arrondissement
116	Langon
117	Dax
118	Clermont-Ferrand
119	Strasbourg-Ville
120	Arras
121	Péronne
122	Argentan
123	Pontoise
124	Molsheim
125	Bernay
126	Lure
127	Mulhouse
128	Montbéliard
129	Belfort
130	Autun
131	Limoux
132	Paris, 3e arrondissement
133	Antony
134	Rambouillet
135	Béziers
136	Saint-Malo
137	Corte
138	Calvi
139	Colmar
140	Gap
141	Annecy
142	Barcelonnette
143	Issoire
144	Digne-les-Bains
145	Angers
146	Bayeux
147	Privas
148	Saint-Nazaire
149	Argelès-Gazost
150	Calais
151	Toulouse
152	Tournon-sur-Rhône
153	Condom
154	Riom
155	Saintes
156	Châtellerault
157	Narbonne
158	Dunkerque
159	Abbeville
160	Douai
161	Orléans
162	Rochechouart
163	Senlis
164	Boulogne-Billancourt
165	Melun
166	Avranches
167	Brive-la-Gaillarde
168	Istres
169	Libourne
170	Cahors
171	Sarlat-la-Canéda
172	Béthune
173	Paris, 2e arrondissement
174	Paris, 19e arrondissement
175	La Flèche
176	Muret
177	Paris, 13e arrondissement
178	L'Haÿ-les-Roses
179	Vitry-le-François
180	Avesnes-sur-Helpe
181	Cambrai
182	Castellane
183	Fontainebleau
184	Vichy
185	Guebwiller
186	Thann
187	Créteil
188	Saint-Lô
189	Villefranche-de-Rouergue
190	Saint-Germain-en-Laye
191	La Tour-du-Pin
192	Gourdon
193	Lodève
194	Blois
195	Brest
196	Gex
197	Coutances
198	Figeac
199	Ajaccio
200	Saint-Brieuc
201	Neufchâteau
202	Castelsarrasin
203	Vannes
204	Bagnères-de-Bigorre
205	Sarreguemines
206	Saint-Dié-des-Vosges
207	Épinal
208	Saint-Jean-de-Maurienne
209	Sarcelles
210	Chartres
211	Lannion
212	Castres
213	Vierzon
214	Saint-Amand-Montrond
215	Auxerre
216	Mortagne-au-Perche
217	Nogent-le-Rotrou
218	Provins
219	Mende
220	Carpentras
221	Meaux
222	Pontarlier
223	Bourges
224	Le Mans
225	Bar-sur-Aube
226	Vendôme
227	Châteaubriant
228	Les Andelys
229	Thionville-Ouest
230	Saint-Gaudens
231	Niort
232	Villefranche-sur-Saône
233	Chinon
234	Aurillac
235	Montmorillon
236	Lac Léman
237	Palaiseau
238	Étampes
239	Belley
240	Angoulême
241	Villeneuve-sur-Lot
242	Valence
243	Laon
244	Prades
245	Saint-Denis
246	Avallon
247	Briey
248	Bar-le-Duc
249	Bastia
250	Thionville-Est
251	Lens
252	Saint-Girons
253	Vire
254	Nontron
255	Morlaix
256	Moulins
257	Cognac
258	Lunéville
259	Metz-Ville
260	Millau
261	Mirande
262	Nantua
263	La Roche-sur-Yon
264	Saint-Omer
265	Sens
266	Nogent-sur-Marne
267	Valenciennes
268	Beauvais
269	Montargis
270	Romorantin-Lanthenay
271	Guingamp
272	Le Blanc
273	Châteauroux
274	Fontenay-le-Comte
275	Laval
276	Parthenay
277	Louhans
278	Tarbes
279	Charleville-Mézières
280	Compiègne
281	Vienne
282	Mamers
283	Château-Chinon (Ville)
284	Yssingeaux
285	Haguenau
286	Boulay-Moselle
287	Pau
288	Sarrebourg
289	Argenteuil
290	Bellac
291	Confolens
292	Alençon
293	Saint-Quentin
294	Montdidier
295	Cholet
296	Château-Thierry
297	Issoudun
298	La Châtre
299	Châlons-en-Champagne
300	Dreux
301	Roanne
302	Soissons
303	Vesoul
304	Saint-Julien-en-Genevois
305	Montauban
306	Jonzac
307	Auch
308	Nogent-sur-Seine
309	Le Vigan
310	Die
311	Marmande
312	Tulle
313	Redon
314	Sedan
315	Agen
316	Bressuire
317	Oloron-Sainte-Marie
318	Mayenne
319	Bobigny
320	Wissembourg
321	Mauriac
322	Châteaudun
323	Charolles
324	Château-Gontier
325	Toul
326	Ambert
327	Montbrison
328	Rethel
329	Clamecy
330	Clermont
331	Saint-Dizier
332	Segré
333	Altkirch
334	Langres
335	Nevers
336	Saint-Claude
337	Cosne-Cours-sur-Loire
338	Nérac
339	Saint-Jean-d'Angély
340	Chaumont
341	Sainte-Menehould
342	Brioude
343	Pithiviers
344	Ussel
345	Thiers
346	Ancenis
347	Château-Salins
348	Vervins
349	Aubusson
350	Vouziers
