id	name
1	Gard
2	Aveyron
3	Charente-Maritime
4	Alpes-de-Haute-Provence
5	Vaucluse
6	Ardèche
7	Hautes-Alpes
8	Var
9	Bouches-du-Rhône
10	Gironde
11	Savoie
12	Aube
13	Indre-et-Loire
14	Haut-Rhin
15	Rhône
16	Côte-d'Or
17	Corse-du-Sud
18	Paris
19	Nord
20	Alpes-Maritimes
21	Eure
22	Aude
23	Drôme
24	Pyrénées-Atlantiques
25	Dordogne
26	Haute-Savoie
27	Ariège
28	Pas-de-Calais
29	Saône-et-Loire
30	Meuse
31	Bas-Rhin
32	Calvados
33	Essonne
34	Yvelines
35	Pyrénées-Orientales
36	Moselle
37	Allier
38	Haute-Vienne
39	Hérault
40	Cantal
41	Ain
42	Loire
43	Vienne
44	Loire-Atlantique
45	Vendée
46	Marne
47	Maine-et-Loire
48	Somme
49	Morbihan
50	Seine-Maritime
51	Tarn
52	Haute-Loire
53	Hauts-de-Seine
54	Ille-et-Vilaine
55	Landes
56	Creuse
57	Seine-et-Marne
58	Lozère
59	Seine-Saint-Denis
60	Manche
61	Finistère
62	Côtes-d'Armor
63	Isère
64	Jura
65	Meurthe-et-Moselle
66	Doubs
67	Puy-de-Dôme
68	Orne
69	Val-d'Oise
70	Haute-Saône
71	Territoire de Belfort
72	Haute-Corse
73	Hautes-Pyrénées
74	Haute-Garonne
75	Gers
76	Loiret
77	Oise
78	Corrèze
79	Lot
80	Sarthe
81	Val-de-Marne
82	Loir-et-Cher
83	Vosges
84	Tarn-et-Garonne
85	Eure-et-Loir
86	Cher
87	Yonne
88	Deux-Sèvres
89	Charente
90	Lot-et-Garonne
91	Aisne
92	Indre
93	Mayenne
94	Ardennes
95	Nièvre
96	Haute-Marne
