id	name
1	Roquemaure
2	Laguiole
3	Villeneuve-lès-Avignon
4	La Rochelle
5	Manosque
6	Bonnieux
7	Vals-les-Bains
8	Apt
9	Saint-Ambroix
10	Le Monêtier-les-Bains
11	Antraigues-sur-Volane
12	Saint-Étienne-les-Orgues
13	Six-Fours-les-Plages
14	Aix-en-Provence
15	Saint-Vivien-de-Médoc
16	Beaufort
17	Saint-Raphaël
18	Troyes
19	Bléré
20	Amboise
21	Ribeauvillé
22	Lyon, 6e arrondissement
23	Nuits-Saint-Georges
24	Arles
25	Bonifacio
26	Paris, 7e arrondissement
27	Paris, 9e arrondissement
28	Lille
29	Menton
30	Paris, 15e arrondissement
31	Verneuil-sur-Avre
32	Carcassonne  1er Canton
33	Grignan
34	Hendaye
35	Bergerac  2e  Canton
36	Thonon-les-Bains
37	Lavelanet
38	Saint-Jean-de-Luz
39	Saint-André-de-Cubzac
40	La Teste-de-Buch
41	Avignon
42	Aime
43	Montreuil
44	Chalon-sur-Saône-Sud
45	Verdun-Est
46	Carcassonne
47	Vigneulles-lès-Hattonchâtel
48	Saverne
49	Caen
50	Paris, 11e arrondissement
51	Paris, 6e arrondissement
52	Paris, 16e arrondissement
53	Paris, 14e arrondissement
54	Marseille, 2e arrondissement
55	Nice
56	Marseille, 1er arrondissement
57	Saint-Tropez
58	Marseille, 9e arrondissement
59	Paris, 18e arrondissement
60	Mennecy
61	Versailles
62	Schiltigheim
63	Le Bar-sur-Loup
64	Paris, 8e arrondissement
65	Marquise
66	Boulogne-sur-Mer-Nord-Ouest
67	Elne
68	Côte Vermeille
69	Bordeaux
70	Antibes
71	Mirepoix
72	Dijon
73	Woippy
74	Périgueux-Nord-Est
75	Montluçon
76	Saint-Genix-sur-Guiers
77	Mur-de-Barrez
78	Lyon, 1er arrondissement
79	Lyon, 2e arrondissement
80	Limoges
81	Beaucaire
82	Lattes
83	Cluses
84	Tournus
85	Saint-Flour
86	Châtillon-sur-Chalaronne
87	Saint-Chamond
88	Saint-Fons
89	Irigny
90	Aigues-Mortes
91	Rodez
92	Poitiers
93	Le Château-d'Oléron
94	Nantes
95	Saint-Herblain
96	La Mothe-Achard
97	Épernay
98	Reims
99	Reims  1er Canton
100	Saumur
101	Royan
102	Trouville-sur-Mer
103	Dozulé
104	Ay
105	Amiens
106	Honfleur
107	Nîmes
108	Hennebont
109	Fécamp
110	La Tremblade
111	Cagnes-sur-Mer-Ouest
112	Marcq-en-Barœul
113	Albi
114	La Ciotat
115	Vallon-Pont-d'Arc
116	Saintes-Maries-de-la-Mer
117	Saint-Laurent-du-Var-Cagnes-sur-Mer-Est
118	Craponne-sur-Arzon
119	Mantes-la-Ville
120	Levallois-Perret
121	Fougères
122	Paris, 12e arronissement
123	Paris, 1er arrondissement
124	Parentis-en-Born
125	Guéret
126	Paris, 4e arrondissement
127	Ollioules
128	Hyères
129	Saulieu
130	Sélestat
131	Sommières
132	Seclin-Nord
133	Thorigny-sur-Marne
134	Paris, 17e arrondissement
135	Saumur-Sud
136	Saint-Martin-de-Ré
137	Carquefou
138	Marseille, 7e arrondissement
139	Biarritz
140	Saint-Pierre-d'Oléron
141	Grimaud
142	Le Beausset
143	Florac
144	Tremblay-en-France
145	Beaumont-Hague
146	Buis-les-Baronnies
147	La Côte Radieuse
148	Saint-Étienne-de-Tinée
149	Valréas
150	Pontivy
151	Port-Louis
152	Quiberon
153	Crozon
154	Broons
155	Cannes
156	Plogastel-Saint-Germain
157	Fouesnant
158	Grenoble
159	Arbois
160	Dole
161	Paris, 5e arrondissement
162	Dieppe
163	Clères
164	Tôtes
165	Offranville
166	Eu
167	Rennes
168	Porto-Vecchio
169	Nancy
170	Le Loroux-Bottereau
171	Le Grand-Pressigny
172	Barjac
173	Saint-Avold
174	Rians
175	Besançon
176	Paris, 12e arrondissement
177	Paris, 20e arrondissement
178	Auros
179	Castets
180	Clermont-Ferrand
181	Strasbourg
182	Caen  1er Canton
183	Ouistreham
184	Vimy
185	Corbie
186	Cabourg
187	Albert
188	Trun
189	Truchtersheim
190	Argelès-sur-Mer
191	Beauchamp
192	Rosheim
193	Molsheim
194	Beuzeville
195	Castelnau-de-Médoc
196	Pont-Audemer
197	Wasselonne
198	Boulogne-sur-Mer
199	Grasse
200	Champagney
201	Salins-les-Bains
202	Luxeuil-les-Bains
203	Huningue
204	Montbéliard
205	Belfort
206	Remoulins
207	Gordes
208	Lyon, 3e arrondissement
209	Bayonne
210	Beaune
211	Autun
212	Chagny
213	Chalon-sur-Saône
214	Nolay
215	Beaune-Nord
216	Saint-Hilaire
217	Fréjus
218	Paris, 3e arrondissement
219	Malakoff
220	Rambouillet
221	Agde
222	Tours
223	Dinard
224	Prunelli-di-Fiumorbo
225	Le Haut-Nebbio
226	Avignon-Nord
227	Saint-Rémy-de-Provence
228	Geispolsheim
229	Colmar
230	Briançon
231	Embrun
232	Saint-Malo
233	Annecy
234	Schirmeck
235	Pertuis
236	Guillestre
237	Aubagne-Est
238	Arles-Est
239	Cadenet
240	Nyons
241	Collobrières
242	Barcelonnette
243	Les Pennes-Mirabeau
244	Décines-Charpieu
245	Champeix
246	La Crau
247	Toulon
248	Riez
249	Villeneuve-de-Berg
250	Douvres-la-Délivrande
251	Cavaillon
252	Pierrelatte
253	Angers
254	Bayeux
255	Aix-en-Provence-Nord-Est
256	Viviers
257	Saint-Paul-Trois-Châteaux
258	Rémuzat
259	Pézenas
260	Saint-Nazaire
261	Lourdes
262	Calais-Nord-Ouest
263	Coucouron
264	Caen  7e  Canton
265	Toulouse
266	Valence-d'Albigeois
267	Salon-de-Provence
268	Auray
269	Tournon-sur-Rhône
270	L'Isle-Adam
271	Thouarcé
272	Lille-Ouest
273	Lectoure
274	Riom-Ouest
275	Saintes
276	Saint-Chinian
277	Béziers  4e  Canton
278	Moûtiers
279	Boulogne-sur-Mer-Nord-Est
280	Les Trois-Moutiers
281	Verzy
282	Narbonne
283	Lyon, 5e arrondissement
284	Lyon, 4e arrondissement
285	Quimper
286	Saint-Étienne-de-Montluc
287	Pleumartin
288	Châteaulin
289	Douarnenez
290	Cassel
291	Rue
292	Douai-Sud
293	Abondance
294	Orléans
295	Coursan
296	Chamonix-Mont-Blanc
297	Oradour-sur-Vayres
298	Angers-Ouest
299	Perpignan
300	Voiron
301	Senlis
302	Cancale
303	La Rochelle  9e  Canton
304	Issy-les-Moulineaux
305	Brie-Comte-Robert
306	Saissac
307	Bessèges
308	La Voulte-sur-Rhône
309	Canet-en-Roussillon
310	Guillaumes
311	Pontorson
312	Villefranche-sur-Mer
313	Lubersac
314	Soustons
315	Châteauneuf-Côte-Bleue
316	Ducey
317	Saint-Valery-sur-Somme
318	Lussac
319	Champagnole
320	Sallanches
321	Audenge
322	Lalbenque
323	Sarlat-la-Canéda
324	Domme
325	Cahors
326	Hucqueliers
327	Berck
328	Houdain
329	Calais
330	Paris, 2e arrondissement
331	Tende
332	Paris, 19e arrondissement
333	Marseille, 6e arrondissement
334	La Flèche
335	Béziers
336	Saint-Lys
337	Paris, 13e arrondissement
338	Thury-Harcourt
339	Villejuif
340	Vitry-le-François
341	Ars-en-Ré
342	Tourcoing
343	Pont-l'Abbé
344	Bourg-Saint-Maurice
345	Mougins
346	Criquetot-l'Esneval
347	Trélon
348	Draguignan
349	Cambrai
350	Castellane
351	Fontainebleau
352	Vence
353	Vichy
354	Arcachon
355	Limay
356	Lorgues
357	Anglet
358	Ploemeur
359	Saint-Étienne
360	Wintzenheim
361	Rouffach
362	Guebwiller
363	Ensisheim
364	Thann
365	Soultz-Haut-Rhin
366	Maisons-Alfort
367	Le Bourg-d'Oisans
368	Villedieu-les-Poêles
369	Villefranche-de-Rouergue
370	Marly-le-Roi
371	Mimizan
372	Uzès
373	L'Île-Rousse
374	Lons-le-Saunier
375	Talmont-Saint-Hilaire
376	Libourne
377	Carlux
378	Boves
379	Barr
380	Moustiers-Sainte-Marie
381	Aups
382	Argelès-Gazost
383	Saint-Laurent-de-la-Salanque
384	Saint-Amant-Tallende
385	Aubière
386	Le Puy-en-Velay
387	Bourgoin-Jallieu-Nord
388	Dax-Nord
389	Baud
390	Pont-du-Château
391	Cournon-d'Auvergne
392	Labastide-Murat
393	Royat
394	Mèze
395	Ganges
396	Maurepas
397	Castanet-Tolosan
398	Ébreuil
399	Comps-sur-Artuby
400	Callas
401	Illkirch-Graffenstaden
402	Saint-Maximin-la-Sainte-Baume
403	Mulhouse
404	Blagnac
405	Blois
406	Contres
407	Bracieux
408	Lannilis
409	Falaise
410	Lauzès
411	Balleroy
412	Cherbourg-Octeville
413	Gex
414	Quettehou
415	Isigny-sur-Mer
416	Sainte-Mère-Église
417	Lisieux
418	Courbevoie
419	Barneville-Carteret
420	Limogne-en-Quercy
421	Coutances
422	Perthes
423	Meudon
424	Cajarc
425	Chevreuse
426	Saint-Géry
427	Blaye
428	Les Deux-Sevi
429	Tourcoing-Nord
430	Matignon
431	Moncontour
432	Pléneuf-Val-André
433	Arras
434	Vittel
435	Rignac
436	Le Biot
437	Allauch
438	Mézel
439	Lauzerte
440	Pauillac
441	Vannes
442	Léguevin
443	Vielle-Aure
444	Munster
445	Saint-Amarin
446	Sarreguemines-Campagne
447	Fraize
448	Saulxures-sur-Moselotte
449	Sarre-Union
450	Ghisoni
451	Corte
452	La Conca-d'Oro
453	Contes
454	Modane
455	Gonesse
456	Chartres
457	Saint-Germain-en-Laye-Sud
458	Montpellier
459	Perros-Guirec
460	Tréguier
461	Saint-Arnoult-en-Yvelines
462	Grand-Couronne
463	Lyon, 7e arrondissement
464	Brassac
465	Sigean
466	Castres
467	Dourgne
468	Labruguière
469	Mazamet-Nord-Est
470	Mazamet
471	Lacaune
472	Lautrec
473	Revel
474	Olmeto
475	Rhôny-Vidourle
476	Vauvert
477	Frontignan
478	Vaugneray
479	Vierzon  2e  Canton
480	Saint-Amand-Montrond
481	Saint-Genis-Laval
482	Saint-Georges-sur-Loire
483	Les Ponts-de-Cé
484	Chalonnes-sur-Loire
485	Dunkerque
486	Aillant-sur-Tholon
487	Sablé-sur-Sarthe
488	Rouen
489	Rémalard
490	Illiers-Combray
491	Thiron-Gardais
492	Calvi
493	Nogent-le-Rotrou
494	Chartres-Sud-Ouest
495	Montélimar  2e  Canton
496	Marseille, 5e arrondissement
497	Marseille, 8e arrondissement
498	La Baule-Escoublac
499	Mauguio
500	Provins
501	Soisy-sous-Montmorency
502	Saint-Vincent-de-Tyrosse
503	Orgon
504	Guérande
505	Villefort
506	Malaucène
507	Concarneau
508	Melun-Nord
509	La Ferté-sous-Jouarre
510	Évian-les-Bains
511	Morestel
512	Pontarlier
513	Bourges
514	Langueux
515	Le Mans
516	Retiers
517	Vendeuvre-sur-Barse
518	Paimpol
519	Le Mans-Est-Campagne
520	Morée
521	Saint-Priest
522	Troyes  1er Canton
523	Brest
524	Châteaubriant
525	Gérardmer
526	Val-de-Reuil
527	Les Sables-d'Olonne
528	Seynod
529	Sète
530	Maizières-lès-Metz
531	Verdun
532	Fameck
533	La Roche-Bernard
534	Trévières
535	Étables-sur-Mer
536	Bagnères-de-Luchon
537	Frontenay-Rohan-Rohan
538	Niort-Ouest
539	Le Croisic
540	Villefranche-sur-Saône
541	Niort
542	L'Île-Bouchard
543	Vic-sur-Cère
544	Aurillac
545	Murat
546	Chenôve
547	Bernay-Est
548	Saint-Jean-de-Monts
549	Le Havre
550	Mandelieu-Cannes-Ouest
551	Kaysersberg
552	Épinay-sous-Sénart
553	Castries
554	Gap
555	Lézardrieux
556	Saint-Lô
557	Saint-Gilles-Croix-de-Vie
558	Antibes-Biot
559	Saint-Georges-lès-Baillargeaux
560	Meung-sur-Loire
561	Lussac-les-Châteaux
562	Terrasson-Lavilledieu
563	Lac Léman
564	Gramat
565	Montrichard
566	Thoissey
567	Montreuil-Bellay
568	Saint-Trivier-sur-Moignans
569	Verny
570	Savigny-sur-Orge
571	Cagnes-sur-Mer
572	Doué-la-Fontaine
573	Mormant
574	Le Châtelet-en-Brie
575	Étréchy
576	Ambérieu-en-Bugey
577	Boulogne-Billancourt
578	Le Muy
579	Saint-Bonnet-en-Champsaur
580	Vallauris-Antibes-Ouest
581	Poitiers  7e  Canton
582	Portet-sur-Garonne
583	Belgodère
584	Montpellier  8e  Canton
585	Montpellier 10e  Canton
586	Béziers  3e  Canton
587	Salignac-Eyvigues
588	Bergerac
589	Hérouville-Saint-Clair
590	Chablis
591	Plaisir
592	Saint-Cyr-l'École
593	Angoulême
594	Penne-d'Agenais
595	Monflanquin
596	Le Faou
597	Lunel
598	Versailles-Sud
599	Valence
600	Dinan
601	Lapoutroie
602	Mont-de-Marsan
603	Villamblard
604	Saint-Égrève
605	Aiguilles
606	Laon
607	Saillagouse
608	Souillac
609	Meyssac
610	Givors
611	Brantôme
612	Capestang
613	Pierrefitte-sur-Seine
614	Cruzini-Cinarca
615	Chatou
616	Huelgoat
617	Dole-Sud-Ouest
618	Auxerre
619	La Chapelle-de-Guinchay
620	Avallon
621	Briey
622	Carpentras-Nord
623	Bar-le-Duc
624	Sagro-di-Santa-Giulia
625	Gevrey-Chambertin
626	Beaumes-de-Venise
627	Royan-Ouest
628	Pernes-les-Fontaines
629	Borgo
630	Pessac
631	Santa-Maria-Siché
632	Coulanges-la-Vineuse
633	Carpentras-Sud
634	Cozes
635	Yutz
636	Longwy
637	Brumath
638	Lens
639	Doullens
640	Carpentras
641	Bâgé-le-Châtel
642	Les Vans
643	Plérin
644	Anduze
645	Brécey
646	Saint-Brieuc
647	Annecy-le-Vieux
648	Rochefort-en-Terre
649	Chambray-lès-Tours
650	Saint-Médard-en-Jalles
651	Montélimar
652	Bellême
653	Saint-Girons
654	Talence
655	Seclin
656	Vire
657	Tournon-d'Agenais
658	La Jarrie
659	Mareuil
660	Bourgoin-Jallieu
661	Chevilly-Larue
662	Vélizy-Villacoublay
663	Pont-Scorff
664	Saint-Pol-de-Léon
665	La Brède
666	Torcy
667	Rozay-en-Brie
668	Pont-Croix
669	Noirmoutier-en-l'Île
670	Taninges
671	La Rochelle  5e  Canton
672	Vayrac
673	Aytré
674	Saint-Laurent-Médoc
675	Saint-Michel-de-Maurienne
676	Pornic
677	Saint-Pourçain-sur-Sioule
678	Lanslebourg-Mont-Cenis
679	Baignes-Sainte-Radegonde
680	Yenne
681	Reims  7e  Canton
682	Savenay
683	Sisteron
684	Fontaine
685	Lunas
686	Lunéville
687	Marckolsheim
688	Metz
689	Cuers
690	Nant
691	Mont-Louis
692	Villard-de-Lans
693	Joyeuse
694	Villeurbanne
695	Mormoiron
696	Segonzac
697	L'Hautil
698	Livernon
699	Aire-sur-l'Adour
700	Cordes-sur-Ciel
701	Riscle
702	Mâcon
703	Oyonnax
704	Loches
705	Houilles
706	Écos
707	Les Herbiers
708	Saint-Omer-Nord
709	La Chartre-sur-le-Loir
710	Campagne-lès-Hesdin
711	Villeneuve-sur-Lot
712	Thonon-les-Bains-Ouest
713	Aix-les-Bains
714	Ferney-Voltaire
715	Bonneville
716	Lyon, 9e arrondissement
717	Puteaux
718	Saint-Denis
719	Bastia
720	Nanterre
721	Eybens
722	Sens
723	Ormesson-sur-Marne
724	Thônes
725	Neuilly-en-Thelle
726	Marennes
727	Granville
728	Oullins
729	Samer
730	Beaumont-sur-Oise
731	Valenciennes
732	Creil
733	Saint-Hilaire-du-Harcouët
734	Franconville
735	Ugine
736	Saint-Philbert-de-Grand-Lieu
737	La Suze-sur-Sarthe
738	Bourgneuf-en-Retz
739	Beauvais
740	Goussainville
741	Saint-Ouen-l'Aumône
742	Chartres-Nord-Est
743	Villefranche-de-Lauragais
744	Aubagne
745	Tain-l'Hermitage
746	Valenciennes-Nord
747	Amilly
748	Les Deux-Sorru
749	Beaugency
750	Neuilly-sur-Seine
751	Nontron
752	Rochefort-Montagne
753	Brest-L'Hermitage-Gouesnou
754	Saint-Aignan
755	Châtelaudren
756	Couhé
757	Guilvinec
758	Saint-Renan
759	Muzillac
760	Callac
761	Mézières-en-Brenne
762	Valençay
763	Saint-Hilaire-des-Loges
764	Quimperlé
765	Luçon
766	La Roche-sur-Yon
767	Pont-Aven
768	Civray
769	La Villedieu-du-Clain
770	Brest-Plouzané
771	La Roche-sur-Yon-Nord
772	Obernai
773	Les Essarts
774	Paimbœuf
775	Laval
776	Morsang-sur-Orge
777	Sainte-Geneviève-des-Bois
778	Noisy-le-Grand
779	Gavray
780	Nantes 10e  Canton
781	Vertou-Vignoble
782	Saint-Martin-d'Hères
783	Méru
784	Marseille, 16e arrondissement
785	Trets
786	Meaux-Sud
787	Montereau-Fault-Yonne
788	Saint-Vallier-de-Thiey
789	Rombas
790	Bouxwiller
791	Sierck-les-Bains
792	La Ravoire
793	Serrières
794	Pont-en-Royans
795	Bourg-Saint-Andéol
796	Bellegarde-sur-Valserine
797	Collonges
798	Orange
799	Saint-Symphorien-d'Ozon
800	Souvigny
801	Digne-les-Bains
802	Lannoy
803	Souilly
804	Issigeac
805	Secondigny
806	Les Pieux
807	Vescovato
808	Saint-Gaudens
809	Mehun-sur-Yèvre
810	Vermenton
811	Luz-Saint-Sauveur
812	Bastelica
813	Levie
814	Bustanico
815	Lanmeur
816	Privas
817	Louhans
818	Beausoleil
819	Lens-Nord-Est
820	Carbon-Blanc
821	Vaison-la-Romaine
822	Betton
823	Tarbes
824	Meximieux
825	L'Isle-sur-la-Sorgue
826	Le Petit-Quevilly
827	Chamrousse
828	Évreux
829	Gabarret
830	Vitrolles
831	Charleville-Mézières
832	Tessy-sur-Vire
833	Sault
834	Ouessant
835	Sigoulès
836	Sens-Nord-Est
837	Chantilly
838	Marvejols
839	Nasbinals
840	Brionne
841	Villeneuve-sur-Yonne
842	La Chapelle-sur-Erdre
843	Venarey-les-Laumes
844	Saint-Florentin
845	Auxerre-Nord
846	Lusigny-sur-Barse
847	Tourlaville
848	Attichy
849	Vénissieux
850	Lyon, 8e arrondissement
851	Rivesaltes
852	Bonneuil-sur-Marne
853	Châteaumeillant
854	Piney
855	Montfort-l'Amaury
856	Meulan-en-Yvelines
857	Carros
858	Durban-Corbières
859	Avranches
860	Mornant
861	Vienne-Nord
862	Vaulx-en-Velin
863	Lavaur
864	Albi-Sud
865	La Ferté-Bernard
866	Ajaccio
867	Bernay
868	Compiègne
869	Courrières
870	Château-Chinon (Ville)
871	Magny-en-Vexin
872	Vienne
873	Tence
874	Yssingeaux
875	Anse
876	Condrieu
877	Lamastre
878	Bourgoin-Jallieu-Sud
879	Vienne-Sud
880	Le Pont-de-Beauvoisin
881	Aucun
882	Bischwiller
883	Montmort-Lucy
884	Cotignac
885	Barjols
886	Virieu
887	La Canourgue
888	Plombières-les-Bains
889	Remiremont
890	Saint-Germain-en-Laye
891	Valderiès
892	Bozel
893	Martel
894	Faulquemont
895	Pau
896	Campoloro-di-Moriani
897	Lorquin
898	Beaune-Sud
899	Bollène
900	Olargues
901	Clelles
902	Enghien-les-Bains
903	Cormeilles-en-Parisis
904	La Garde
905	Baugé
906	Montignac
907	Le Vésinet
908	Maurs
909	Saint-Junien
910	Mézières-sur-Issoire
911	Crécy-la-Chapelle
912	Châteauroux-Ouest
913	Availles-Limouzine
914	Bellac
915	Montmorillon
916	Le Dorat
917	Meaux
918	Pont-l'Évêque
919	Sainte-Foy-lès-Lyon
920	Briançon-Nord
921	Mansle
922	Bonnières-sur-Seine
923	Espelette
924	La Garenne-Colombes
925	Villeneuve-la-Garenne
926	Hasparren
927	Poissy
928	Marsanne
929	Juvigny-sous-Andaine
930	Gif-sur-Yvette
931	Le Catelet
932	Millas
933	Roye
934	Le Havre  6e  Canton
935	Saint-Cyprien
936	Cholet
937	Sospel
938	Dax
939	Saint-Nom-la-Bretèche
940	Saint-Sauveur-en-Puisaye
941	Saint-Maur-des-Fossés
942	Saint-Étienne-de-Baïgorry
943	Limours
944	Aubervilliers
945	Saint-Dié-des-Vosges
946	Xertigny
947	Valentigney
948	Menton-Ouest
949	Marseille, 11e arrondissement
950	Jumeaux
951	Lalinde
952	Duclair
953	Eymet
954	La Chapelle-la-Reine
955	Château-Thierry
956	Neuilly-sur-Marne
957	Le Mans-Nord-Ouest
958	Saint-Jean-de-Maurienne
959	Asnières-sur-Seine
960	Haguenau
961	Sauveterre-de-Guyenne
962	Saint-Germain-Lembron
963	Issoudun
964	Montluçon-Sud (3e Canton)
965	Florensac
966	Béziers  2e  Canton
967	Saint-Gratien
968	Ustaritz
969	Fayence
970	Entraygues-sur-Truyère
971	Romorantin-Lanthenay
972	Aix-les-Bains-Nord-Grésy
973	Annecy-Nord-Ouest
974	Rumilly
975	Albens
976	Colombes
977	Châteauroux
978	Neuvy-Saint-Sépulchre
979	Le Pellerin
980	Marseille, 15e arrondissement
981	Châlons-en-Champagne  3e  Canton
982	Sartène
983	Gradignan
984	Saint-Martin-de-Seignanx
985	Moulins-la-Marche
986	Le Perreux-sur-Marne
987	Villiers-sur-Marne
988	Chelles
989	Tallard
990	Vannes-Est
991	Ryes
992	Plélan-le-Grand
993	Vannes-Ouest
994	Challans
995	Lorient
996	Creully
997	Mortagne-sur-Sèvre
998	Saint-Jean-Pied-de-Port
999	Puget-Théniers
1000	Cesson-Sévigné
1001	Orange-Ouest
1002	Dreux
1003	Roanne-Sud
1004	Épernay  2e  Canton
1005	Braine
1006	Le Châtelet
1007	Dampierre-sur-Salon
1008	Gien
1009	Couiza
1010	Bitche
1011	Freyming-Merlebach
1012	Azay-le-Rideau
1013	Banon
1014	Aubenas
1015	Pont-à-Marcq
1016	Séderon
1017	Pélissanne
1018	Cruseilles
1019	Saint-Julien-en-Genevois
1020	Calenzana
1021	Guéret-Sud-Est
1022	Saint-Amans
1023	Garges-lès-Gonesse-Est
1024	Riom
1025	Villepinte
1026	Rennes-Sud-Ouest
1027	Saint-Pierre-Église
1028	Samoëns
1029	Les Matelles
1030	Chaville
1031	Sully-sur-Loire
1032	Monclar-de-Quercy
1033	Benfeld
1034	Besse-et-Saint-Anastaise
1035	Chalais
1036	Montguyon
1037	Melun
1038	La Gacilly
1039	Montpon-Ménestérol
1040	Aumont-Aubrac
1041	Alès
1042	Muret
1043	Gonfreville-l'Orcher
1044	Sancerre
1045	Arzacq-Arraziguet
1046	Condom
1047	Geaune
1048	La Vistrenque
1049	Saint-Quentin
1050	Brunoy
1051	Montargis
1052	Briare
1053	Vivonne
1054	Moïta-Verde
1055	Poitiers  5e  Canton
1056	Sainte-Enimie
1057	Chaudes-Aigues
1058	Montfaucon-d'Argonne
1059	Vendôme
1060	Joué-lès-Tours
1061	Rochefort
1062	Najac
1063	Dijon  2e  Canton
1064	Périgueux
1065	Auch
1066	Ayen
1067	Hazebrouck
1068	Villeneuve-d'Ascq
1069	Ornans
1070	Nogent-sur-Seine
1071	Orvault
1072	Excideuil
1073	Mérignac
1074	Mordelles
1075	Saint-Genis-de-Saintonge
1076	Mirambeau
1077	Luynes
1078	Arras-Sud
1079	Sartilly
1080	Bréhal
1081	Percy
1082	Aspet
1083	Loudéac
1084	Pontailler-sur-Saône
1085	Le Caylar
1086	Sumène
1087	Bourg-en-Bresse
1088	Forcalquier
1089	Grasse-Sud
1090	Belleville
1091	Mâcon-Sud
1092	Meylan
1093	La Mure
1094	Monestier-de-Clermont
1095	Bois-Guillaume
1096	Saint-Jean-du-Gard
1097	Allos-Colmars
1098	Thiais
1099	Craonne
1100	Dammartin-en-Goële
1101	Bédarrides
1102	Crest-Sud
1103	Aigurande
1104	Courson-les-Carrières
1105	Cany-Barville
1106	Saint-Geoire-en-Valdaine
1107	Belz
1108	Nemours
1109	Marmande
1110	Satillieu
1111	Épinay-sur-Seine
1112	Saint-Paterne
1113	Saumur-Nord
1114	Saint-Chély-d'Aubrac
1115	Cancon
1116	La Loupe
1117	Chambéry
1118	Pierrefort
1119	Lucenay-l'Évêque
1120	Prades
1121	Bagnères-de-Bigorre
1122	Argentat
1123	Vandœuvre-lès-Nancy
1124	Saint-Didier-en-Velay
1125	Surgères
1126	Saint-Geniez-d'Olt
1127	Millau
1128	Montigny-lès-Metz
1129	Pont-à-Mousson
1130	Peyreleau
1131	Vernon
1132	Lesparre-Médoc
1133	Gisors
1134	Beaulieu-sur-Dordogne
1135	Douai
1136	Ginestas
1137	Blois  1er Canton
1138	Meyzieu
1139	Figeac
1140	Écouen
1141	Génolhac
1142	Arpajon
1143	Évry-Nord
1144	Boulogne-sur-Mer-Sud
1145	Brive-la-Gaillarde
1146	Tulle-Campagne-Sud
1147	La Verpillière
1148	Bruz
1149	Rodez-Nord
1150	Pons
1151	Alzonne
1152	Tarascon-sur-Ariège
1153	Combs-la-Ville
1154	Lille-Nord
1155	Redon
1156	Carignan
1157	Sedan
1158	Saint-Jean-de-Braye
1159	Villeneuve
1160	Outreau
1161	Lille-Sud-Est
1162	Sarrebourg
1163	Phalsbourg
1164	Mouthe
1165	Palaiseau
1166	Vic-sur-Aisne
1167	Clamart
1168	Verdun-sur-le-Doubs
1169	Ax-les-Thermes
1170	Créon
1171	Aix-en-Provence-Sud-Ouest
1172	L'Île-d'Yeu
1173	Marseille, 12e arrondissement
1174	Marseille, 10e arrondissement
1175	Aramon
1176	Castelnau-Rivière-Basse
1177	Agen
1178	Loudun
1179	Thouars  2e  Canton
1180	Saint-Péray
1181	Figari
1182	Saint-Pierreville
1183	Erstein
1184	Danjoutin
1185	Cenon
1186	Sarzeau
1187	Desvres
1188	Saint-Genest-Malifaux
1189	Tassin-la-Demi-Lune
1190	Monein
1191	Le Bleymard
1192	Tarascon
1193	Jarville-la-Malgrange
1194	Épinal
1195	Le Mans-Sud-Ouest
1196	Hagetmau
1197	Lavit
1198	Bourgogne
1199	Capobianco
1200	Créteil
1201	Cognac
1202	Armentières
1203	Roubaix
1204	Bailleul
1205	Houdan
1206	Mayenne-Est
1207	Guer
1208	La Souterraine
1209	Sarreguemines
1210	Issoire
1211	Rennes-Sud-Est
1212	Pantin
1213	Belin-Béliet
1214	Beauvoir-sur-Mer
1215	Senonches
1216	Châteauroux-Est
1217	Lagrasse
1218	Méricourt
1219	Thueyts
1220	Chauvigny
1221	Aniane
1222	Saint-Doulchard
1223	Gençay
1224	Clichy
1225	Vélines
1226	Escurolles
1227	Eymoutiers
1228	Saint-Martin-Vésubie
1229	Jegun
1230	La Seyne-sur-Mer
1231	La Réole
1232	Langon
1233	Illzach
1234	Orsay
1235	Cuiseaux
1236	Solliès-Pont
1237	Wœrth
1238	Clairvaux-les-Lacs
1239	Volonne
1240	Wissembourg
1241	Soultz-sous-Forêts
1242	Poligny
1243	Valensole
1244	Salernes
1245	Tavernes
1246	Lauterbourg
1247	Les Planches-en-Montagne
1248	Niederbronn-les-Bains
1249	Maromme
1250	Ars-sur-Moselle
1251	Aigrefeuille-d'Aunis
1252	Riom-ès-Montagnes
1253	Largentière
1254	Morcenx
1255	Sierentz
1256	Villers-Cotterêts
1257	Marseille, 4e arrondissement
1258	Creil-Nogent-sur-Oise
1259	Rougemont-le-Château
1260	Giromagny
1261	Jonzac
1262	Saint-Pierre-de-Chignac
1263	Bohain-en-Vermandois
1264	Le Touvet
1265	Goncelin
1266	Le Coudray-Saint-Germer
1267	L'Argentière-la-Bessée
1268	Cazères
1269	Rezé
1270	Montaigu
1271	Laxou
1272	Roubaix-Ouest
1273	Gleizé
1274	Limonest
1275	Écully
1276	Romans-sur-Isère
1277	Castelnaudary
1278	Lodève
1279	Bar-sur-Seine
1280	L'Arbresle
1281	Uzerche
1282	Chinon
1283	Saint-Nicolas-de-Redon
1284	Celavo-Mezzana
1285	Ault
1286	Pignan
1287	Peyriac-Minervois
1288	Châteaudun
1289	Coulommiers
1290	Château-Renault
1291	Tarare
1292	Hayange
1293	Semur-en-Brionnais
1294	Baccarat
1295	Ingré
1296	Agen-Nord
1297	Agen-Sud-Est
1298	Agen-Nord-Est
1299	Maillezais
1300	Blanquefort
1301	Saint-Sauveur-sur-Tinée
1302	Château-Gontier
1303	Montmartin-sur-Mer
1304	Sées
1305	Lannion
1306	Pouilly-en-Auxois
1307	Saujon
1308	Cazaubon
1309	Maubeuge
1310	Céret
1311	Écury-sur-Coole
1312	Ballan-Miré
1313	Mer
1314	La Petite-Pierre
1315	Sens-Ouest
1316	Quillan
1317	Saint-Yrieix-la-Perche
1318	Martigues
1319	Eyguières
1320	Martigues-Ouest
1321	Meyrueis
1322	Port-Saint-Louis-du-Rhône
1323	Istres
1324	Puy-l'Évêque
1325	Saint-Alban-sur-Limagnole
1326	Gannat
1327	Istres-Sud
1328	Saint-Chély-d'Apcher
1329	Bourg-la-Reine
1330	La Grave
1331	Sucy-en-Brie
1332	Conflans-Sainte-Honorine
1333	Caen  2e  Canton
1334	Le Buisson-de-Cadouin
1335	La Force
1336	Dainville
1337	Servian
1338	Castelnau-le-Lez
1339	Aix-les-Bains-Sud
1340	Thionville
1341	Pontault-Combault
1342	Toul
1343	Toulouse 14e  Canton
1344	Saint-Mihiel
1345	Rueil-Malmaison
1346	Cunlhat
1347	Thouars
1348	Dieulefit
1349	Pleyben
1350	Chaillé-les-Marais
1351	Vesoul
1352	Clisson
1353	Montrouge
1354	Orly
1355	Argentré
1356	Peyruis
1357	Besse-sur-Issole
1358	Carvin
1359	Coursegoules
1360	Bordères-Louron
1361	Brétigny-sur-Orge
1362	Domfront
1363	Montebourg
1364	Saint-Galmier
1365	Salviac
1366	Vanves
1367	Blangy-le-Château
1368	Roussillon
1369	Montréal
1370	Montbrison
1371	Montataire
1372	Le Lude
1373	La Ferté-Saint-Aubin
1374	Saint-Gervais-les-Bains
1375	Bouilly
1376	Laissac
1377	Herblay
1378	Sèvres
1379	La Celle-Saint-Cloud
1380	Villars-les-Dombes
1381	Montfaucon-en-Velay
1382	Caluire-et-Cuire
1383	Antony
1384	Saint-Vallier
1385	Tuchan
1386	Bordères-sur-l'Échez
1387	Échirolles
1388	Vif
1389	Orezza-Alesani
1390	Gourdon
1391	Laruns
1392	Conflans-en-Jarnisy
1393	Marange-Silvange
1394	Homécourt
1395	Allevard
1396	Le Bois-d'Oingt
1397	Montrésor
1398	Josselin
1399	Châlons-en-Champagne
1400	Neufchâtel-sur-Aisne
1401	Rethel
1402	Saint-Étienne-du-Rouvray
1403	Aubagne-Ouest
1404	La Roquebrussanne
1405	Belmont-sur-Rance
1406	La Valette-du-Var
1407	Clamecy
1408	Gond-Pontouvre
1409	Belle-Île
1410	Scionzier
1411	Milly-la-Forêt
1412	Moret-sur-Loing
1413	La Clayette
1414	Crépy-en-Valois
1415	Clermont
1416	Peyrehorade
1417	Carbonne
1418	Bry-sur-Marne
1419	Limoges-Panazol
1420	Le Poiré-sur-Vie
1421	Roujan
1422	Saint-Dié-des-Vosges-Est
1423	Cambremer
1424	Saint-Dizier
1425	Saint-Remy-en-Bouzemont-Saint-Genest-et-Isson
1426	Montier-en-Der
1427	Carhaix-Plouguer
1428	Vertou
1429	Nozay
1430	Bessines-sur-Gartempe
1431	Ruynes-en-Margeride
1432	Laplume
1433	Blain
1434	Nort-sur-Erdre
1435	Nogaro
1436	Péronne
1437	Tardets-Sorholus
1438	Aigrefeuille-sur-Maine
1439	Segré
1440	Pontgibaud
1441	Bourg-lès-Valence
1442	Die
1443	Reignier-Ésery
1444	Annemasse-Sud
1445	L'Isle-sur-Serein
1446	Maintenon
1447	Châteauneuf-sur-Charente
1448	Soyaux
1449	La Couronne
1450	Gardanne
1451	Pontchâteau
1452	Vallet
1453	Carcassonne  2e  Canton-Nord
1454	Montfort-le-Gesnois
1455	Bergues
1456	Gravelines
1457	Le Quesnoy
1458	Abbeville
1459	Lamotte-Beuvron
1460	Suresnes
1461	Douai-Nord-Est
1462	Bouzonville
1463	Vineuil
1464	Stiring-Wendel
1465	Neuves-Maisons
1466	Châteaurenard
1467	Réalmont
1468	Bouaye
1469	Savines-le-Lac
1470	Saint-Jean-de-Daye
1471	Fontaine-lès-Dijon
1472	Lézignan-Corbières
1473	Chabeuil
1474	Istres-Nord
1475	Troyes  7e  Canton
1476	Altkirch
1477	Corps
1478	Hirsingue
1479	Jugon-les-Lacs
1480	Luzarches
1481	Toulouse  9e  Canton
1482	Salles-Curan
1483	Saverdun
1484	Épinal-Ouest
1485	Mélisey
1486	Habsheim
1487	Malestroit
1488	Forbach
1489	Charmes
1490	Raon-l'Étape
1491	Héricourt
1492	Épinal-Est
1493	Mauron
1494	Thonon-les-Bains-Est
1495	Senones
1496	Bain-de-Bretagne
1497	Bélâbre
1498	Lamballe
1499	Mennetou-sur-Cher
1500	Cahors-Nord-Ouest
1501	Gaillac
1502	Langeais
1503	Allaire
1504	Saint-Méen-le-Grand
1505	Salers
1506	Beaujeu
1507	Buzançais
1508	Saint-Auban
1509	Vigeois
1510	Langres
1511	Fay-sur-Lignon
1512	Le Puy-en-Velay-Est
1513	Saint-Étienne-Nord-Est-2
1514	Pamiers
1515	Foix-Ville
1516	Montceau-les-Mines
1517	Paray-le-Monial
1518	Athis-Mons
1519	Montmélian
1520	Pontoise
1521	Champtoceaux
1522	Beaupréau
1523	Steenvoorde
1524	Vitry-en-Artois
1525	Sainte-Croix-Volvestre
1526	Rennes-Nord-Ouest
1527	L'Isle-Jourdain
1528	Lyons-la-Forêt
1529	Saint-Macaire
1530	Poitiers  3e  Canton
1531	Voiteur
1532	Sabres
1533	Daoulas
1534	Noroy-le-Bourg
1535	Pissos
1536	Combeaufontaine
1537	Saint-Gervais-les-Trois-Clochers
1538	Amou
1539	Fresnes
1540	Toucy
1541	Villemomble
1542	Capdenac-Gare
1543	Saint-Omer
1544	Sainte-Marie-aux-Mines
1545	Saint-Ouen
1546	Sainte-Alvère
1547	Saint-Romain-de-Colbosc
1548	Étaples
1549	Annemasse-Nord
1550	Fumay
1551	Grande-Synthe
1552	Fontoy
1553	Wattrelos
1554	Mézidon-Canon
1555	Claye-Souilly
1556	Castifao-Morosaglia
1557	Murat-sur-Vèbre
1558	Rive-de-Gier
1559	Lambesc
1560	Béthune-Sud
1561	Malemort-sur-Corrèze
1562	Dijon  1er Canton
1563	Charny-sur-Meuse
1564	Moutiers-les-Mauxfaits
1565	Draveil
1566	Ivry-sur-Seine
1567	Étampes
1568	Carentan
1569	Millau-Ouest
1570	Grand-Fougeray
1571	Brignoles
1572	Domène
1573	Nevers
1574	Antrain
1575	Condat
1576	Évry
1577	Montesquiou
1578	Maubourguet
1579	Marciac
1580	Jaligny-sur-Besbre
1581	Thizy
1582	Peyrolles-en-Provence
1583	Roquevaire
1584	Noyers
1585	Estaing
1586	Tourcoing-Sud
1587	Montpezat-sous-Bauzon
1588	Hesdin
1589	Saint-Cloud
1590	Forges-les-Eaux
1591	Le Plessis-Robinson
1592	Thuir
1593	Saint-Amand-les-Eaux-Rive droite
1594	Arpajon-sur-Cère
1595	Dompierre-sur-Besbre
1596	Ribérac
1597	Laroquebrou
1598	Montbron
1599	Neuillé-Pont-Pierre
1600	Chilly-Mazarin
1601	Arques
1602	Charlieu
1603	Prats-de-Mollo-la-Preste
1604	Castelsarrasin
1605	Laloubère
1606	Herbignac
1607	Olonzac
1608	Tallano-Scopamène
1609	Janzé
1610	Nivillers
1611	Pleine-Fougères
1612	Gennes
1613	Les Échelles
1614	Saint-Laurent-en-Grandvaux
1615	Tinténiac
1616	Trappes
1617	Montigny-le-Bretonneux
1618	Venaco
1619	Marcoing
1620	Bapaume
1621	Sevran
1622	Tournefeuille
1623	La Tour-du-Pin
1624	Villefranche-de-Lonchat
1625	Niort-Nord
1626	Vitré
1627	Lormont
1628	Valenciennes-Sud
1629	L'Isle-d'Abeau
1630	Montsauche-les-Settons
1631	Corbigny
1632	Pouilly-sur-Loire
1633	Lormes
1634	Poissy-Nord
1635	Saint-Dier-d'Auvergne
1636	Poncin
1637	Amplepuis
1638	Saint-Agnant
1639	Aix-en-Othe
1640	Pont-Sainte-Maxence
1641	Montmorency
1642	Châtellerault
1643	Charolles
1644	Le Bugue
1645	Les Mées
1646	Montauban
1647	Champagnac-de-Belair
1648	Saint-Céré
1649	Sens-Sud-Est
1650	Bastia  6e  (Canton Furiani-Montésoro)
1651	Cholet  2e  Canton
1652	Lussan
1653	Bagnolet
1654	Saillans
1655	Richelieu
1656	Lantosque
1657	Douvaine
1658	Saint-Pierre-d'Irube
1659	Saint-Malo-de-la-Lande
1660	Faverges
1661	Nanteuil-le-Haudouin
1662	Livry-Gargan
1663	Nogent-sur-Marne
1664	Fronton
1665	Avize
1666	Marchenoir
1667	Vizille
1668	Saint-Étienne-Nord-Ouest-2
1669	Saint-Amans-des-Cots
1670	Nailloux
1671	Mézin
1672	Marson
1673	Châteauneuf-d'Ille-et-Vilaine
1674	Lesneven
1675	Saint-Chaptes
1676	Sissonne
1677	Mesvres
1678	Montcuq
1679	Saint-Malo-Sud
1680	Saint-Léger-sous-Beuvray
1681	Dol-de-Bretagne
1682	Montech
1683	Chalon-sur-Saône-Nord
1684	Villers-Semeuse
1685	Fresnay-sur-Sarthe
1686	Dinan-Ouest
1687	Moissac
1688	Cluny
1689	Tulle
1690	Groix
1691	Coutras
1692	Accous
1693	Saint-Laurent-du-Pont
1694	Provenchères-sur-Fave
1695	Arles-sur-Tech
1696	Mont-Saint-Aignan
1697	Évran
1698	Aumale
1699	Mulhouse-Sud
1700	Payrac
1701	Amiens  4e  (Est)
1702	Monpazier
1703	Marseille, 3e arrondissement
1704	Saint-Brice-en-Coglès
1705	Fontenay-le-Comte
1706	Royan-Est
1707	Montoire-sur-le-Loir
1708	Bourg
1709	Annemasse
1710	Boëge
1711	La Chapelle-en-Vercors
1712	Marguerittes
1713	Savignac-les-Églises
1714	Poix-de-Picardie
1715	Cergy-Sud
1716	Mundolsheim
1717	Mont-de-Marsan-Sud
1718	Tartas-Ouest
1719	Nay-Ouest
1720	Cosne-Cours-sur-Loire
1721	Lourdes-Ouest
1722	Cambrai-Ouest
1723	Saint-Gilles
1724	Fronsac
1725	Saint-Affrique
1726	Toulouse 15e  Canton
1727	Toulouse  8e  Canton
1728	Bonneval
1729	Sceaux
1730	Fournels
1731	Bulgnéville
1732	Nœux-les-Mines
1733	Saint-Jean-d'Angély
1734	Audincourt
1735	Montaigut
1736	Arthez-de-Béarn
1737	Le Creusot-Est
1738	Saint-Aulaye
1739	Ferrette
1740	Guingamp
1741	Viarmes
1742	Seurre
1743	Briançon-Sud
1744	Airvault
1745	Aire-sur-la-Lys
1746	Crémieu
1747	Gerzat
1748	Dole-Nord-Est
1749	Burzet
1750	Ligny-le-Châtel
1751	Sainte-Foy-la-Grande
1752	Casteljaloux
1753	Saint-Germain-du-Plain
1754	Pipriac
1755	Corrèze
1756	Égletons
1757	Goderville
1758	Triel-sur-Seine
1759	Montbazon
1760	Saint-Savin
1761	Orange-Est
1762	Marchiennes
1763	Orchies
1764	Hénin-Beaumont
1765	Denain
1766	Guipavas
1767	Bannalec
1768	Landerneau
1769	Rostrenen
1770	Cosne-Cours-sur-Loire-Sud
1771	Juzennecourt
1772	Champigny-sur-Marne
1773	Gignac
1774	Saint-Valery-en-Caux
1775	Bourgueil
1776	Le Grand-Quevilly
1777	Saint-Claude
1778	Chaumont-Nord
1779	Morez
1780	Saint-Gaultier
1781	Beaumont-du-Périgord
1782	Rodez-Est
1783	Lagny-sur-Marne
1784	Vierzon
1785	Ligueil
1786	Montoir-de-Bretagne
1787	Clermont-l'Hérault
1788	Nantua
1789	Gouarec
1790	Suippes
1791	Ploërmel
1792	Graçay
1793	Semur-en-Auxois
1794	Orcières
1795	Dinan-Est
1796	Combourg
1797	Ploufragan
1798	Merdrignac
1799	Montfort-en-Chalosse
1800	Moirans-en-Montagne
1801	Charenton-le-Pont
1802	Chennevières-sur-Marne
1803	Joinville-le-Pont
1804	Orgelet
1805	Montigny-sur-Aube
1806	Lugny
1807	Poissy-Sud
1808	Saint-Maixent-l'École  1er Canton
1809	Levens
1810	Morlaix
1811	Lédignan
1812	Aubeterre-sur-Dronne
1813	Dunkerque-Est
1814	Caussade
1815	Portes-lès-Valence
1816	Castelnau-de-Montmiral
1817	Villeneuve-de-Marsan
1818	Saint-Claud
1819	Ruelle-sur-Touvre
1820	Ville-en-Tardenois
1821	Drulingen
1822	Hautefort
1823	Drancy
1824	Bazas
1825	Lanester
1826	Vincennes
1827	Marcigny
1828	Saint-Julien
1829	Saint-Amand-les-Eaux
1830	Belley
1831	Albi-Nord-Est
1832	Saint-Maixent-l'École
1833	Lezay
1834	Castillon-la-Bataille
1835	Saint-Père-en-Retz
1836	Chaumont
1837	Thorens-Glières
1838	Joinville
1839	Pont-de-Vaux
1840	Bourg-de-Visa
1841	Aubergenville
1842	Sartrouville
1843	Vitry-sur-Seine
1844	Gourin
1845	La Vallée-du-Sausseron
1846	Bègles
1847	Montivilliers
1848	Ardres
1849	Nay-Est
1850	Pau-Est
1851	Arudy
1852	Jurançon
1853	Saint-Pé-de-Bigorre
1854	Hérisson
1855	Moulins
1856	Lurcy-Lévis
1857	Pont-Saint-Esprit
1858	Bagnols-sur-Cèze
1859	Sévérac-le-Château
1860	Le Luc
1861	Grenade
1862	Pont-de-l'Arche
1863	Plouaret
1864	Noyon
1865	Toulon-sur-Arroux
1866	Fiumalto-d'Ampugnani
1867	Givry
1868	Plouescat
1869	Chamalières
1870	Saint-Jean-en-Royans
1871	Saint-Marcellin
1872	Vic-Fezensac
1873	Neung-sur-Beuvron
1874	Valenciennes-Est
1875	Chemillé
1876	Firminy
1877	Fougères-Nord
1878	La Ferté-Gaucher
1879	Saint-Mandé
1880	Crest
1881	L'Aigle-Est
1882	Espalion
1883	Mussidan
1884	Mauléon-Licharre
1885	Arcueil
1886	Saint-Max
1887	Saales
1888	Brûlon
1889	Sainte-Maure-de-Touraine
1890	Chantelle
1891	Romainville
1892	Neuilly-Plaisance
1893	Bièvres
1894	Fère-en-Tardenois
1895	Saint-Germain-de-Calberte
1896	Blangy-sur-Bresle
1897	Gennevilliers
1898	Vouvray
1899	Essoyes
1900	Lons-le-Saunier-Nord
1901	Flers
1902	Bouloire
1903	Saint-Rome-de-Tarn
1904	Tullins
1905	Gentilly
1906	Noisy-le-Sec
1907	Landivisiau
1908	Plestin-les-Grèves
1909	Grésy-sur-Isère
1910	Val-de-Meuse
1911	Perreux
1912	La Pacaudière
1913	Roanne
1914	Le Donjon
1915	Andolsheim
1916	Yerville
1917	Dourdan
1918	Vernon-Nord
1919	Montlouis-sur-Loire
1920	Château-la-Vallière
1921	Château-du-Loir
1922	La Châtre
1923	Moyenneville
1924	Craon
1925	Ploubalay
1926	Évron
1927	Meslay-du-Maine
1928	Montluçon-Nord-Est (1er Canton)
1929	Ville-sur-Tourbe
1930	Sainte-Sévère-sur-Indre
1931	Tournon-Saint-Martin
1932	Évry-Sud
1933	Le Malzieu-Ville
1934	Saint-James
1935	Moulins-Ouest
1936	Digoin
1937	Miribel
1938	Rillieux-la-Pape
1939	Montluel
1940	Treignac
1941	Breil-sur-Roya
1942	La Roche-sur-Foron
1943	Bavay
1944	Couches
1945	Pluvigner
1946	Romilly-sur-Seine  1er Canton
1947	Guémené-Penfao
1948	Oloron-Sainte-Marie
1949	Châtel-sur-Moselle
1950	Mantes-la-Jolie
1951	Alby-sur-Chéran
1952	Seyne
1953	Pont-de-Salars
1954	Le Cannet
1955	Rives
1956	Neuville-sur-Saône
1957	Saint-Omer-Sud
1958	Guînes
1959	Wormhout
1960	Villenave-d'Ornon
1961	Compiègne-Sud-Est
1962	Compiègne-Sud-Ouest
1963	Murviel-lès-Béziers
1964	Bischheim
1965	Sauveterre-de-Béarn
1966	Mûr-de-Bretagne
1967	Saint-Sever
1968	Auxerre-Sud
1969	Pouzauges
1970	Condé-en-Brie
1971	Périgueux-Ouest
1972	Sauve
1973	Hautmont
1974	Viriat
1975	Cadillac
1976	Anet
1977	Les Lilas
1978	Sainte-Hermine
1979	Conques-sur-Orbiel
1980	Rochefort-Nord
1981	Saint-Fargeau
1982	Sarcelles
1983	Saint-Sauveur-le-Vicomte
1984	Valognes
1985	La Haye-du-Puits
1986	Argenton-sur-Creuse
1987	Annonay-Nord
1988	Rozoy-sur-Serre
1989	Longjumeau
1990	Faucogney-et-la-Mer
1991	Allonnes
1992	Pujols
1993	Bobigny
1994	Putanges-Pont-Écrepin
1995	Beauvais-Sud-Ouest
1996	Monsols
1997	Champagne-en-Valromey
1998	Ambert
1999	Ajaccio  7e  Canton
2000	Étupes
2001	Saint-Chamond-Sud
2002	Montgiscard
2003	Dun-le-Palestel
2004	La Bastide-Clairence
2005	Limoux
2006	Reims  4e  Canton
2007	Argenton-les-Vallées
2008	Bressuire
2009	Toulouse 13e  Canton
2010	Chorges
2011	Conques
2012	Bozouls
2013	Vigny
2014	Ruffieux
2015	Troyes  2e  Canton
2016	Cernay
2017	Mouy
2018	Noailles
2019	Le Vigan
2020	Saint-Symphorien-sur-Coise
2021	Hérimoncourt
2022	Aspres-sur-Buëch
2023	Le Raincy
2024	Laragne-Montéglin
2025	Sellières
2026	Sochaux-Grand-Charmont
2027	Marseille, 14e arrondissement
2028	Feurs
2029	Besançon-Sud
2030	Pougues-les-Eaux
2031	Beaumont
2032	Riom-Est
2033	Le Monastier-sur-Gazeille
2034	Saugues
2035	Menat
2036	Pithiviers
2037	Villaines-la-Juhel
2038	Saint-Pol-sur-Ternoise
2039	Liévin
2040	Montmédy
2041	Le Bouscat
2042	Caen 10e  Canton
2043	Levier
2044	Compiègne-Nord
2045	Burie
2046	Reims  8e  Canton
2047	Saint-Antonin-Noble-Val
2048	Palinges
2049	Bacqueville-en-Caux
2050	Decize
2051	Lizy-sur-Ourcq
2052	Ploudalmézeau
2053	Yvetot
2054	Ailly-sur-Noye
2055	Vermand
2056	Le Faouët
2057	Tramayes
2058	Locminé
2059	L'Escarène
2060	Saint-Mandrier-sur-Mer
2061	Maisons-Laffitte
2062	Le Chesnay
2063	La Grand-Combe
2064	Camarès
2065	Lescar
2066	Aurignac
2067	Belvès
2068	Fayl-Billot
2069	Bourg-Argental
2070	Champs-sur-Marne
2071	Andrésy
2072	Sainte-Menehould
2073	Thèze
2074	Châtillon-sur-Seine
2075	Broglie
2076	Guerville
2077	Le Louroux-Béconnais
2078	Thiviers
2079	La Rochefoucauld
2080	Châteauneuf-du-Faou
2081	Luzech
2082	Langogne
2083	Bourbon-l'Archambault
2084	Herment
2085	Cérilly
2086	Le Mayet-de-Montagne
2087	Saramon
2088	Blois  2e  Canton
2089	Châteauneuf-sur-Sarthe
2090	Cologne
2091	Rosporden
2092	Montmoreau-Saint-Cybard
2093	Donnemarie-Dontilly
2094	Yerres
2095	Neufchâteau
2096	Plouay
2097	Tournan-en-Brie
2098	Sizun
2099	Saint-Thégonnec
2100	Lucé
2101	Taverny
2102	Saint-Privat
2103	Roquebillière
2104	Mâcon-Centre
2105	Neuvic
2106	Montfaucon-Montigné
2107	Serres
2108	Herbault
2109	Le Kremlin-Bicêtre
2110	Pompey
2111	Crest-Nord
2112	Villecresnes
2113	Bourg-de-Péage
2114	Béthune
2115	Sedan-Ouest
2116	Capendu
2117	Bourbourg
2118	Lisieux  1er Canton
2119	Reillanne
2120	Le Theil
2121	Montgeron
2122	Bondy
2123	Bretteville-sur-Laize
2124	Villers-Bocage
2125	Arcis-sur-Aube
2126	Saint-Alban-Leysse
2127	Le Massegros
2128	Alban
2129	Saint-Jean-de-Bournay
2130	Songeons
2131	Châlons-en-Champagne  4e  Canton
2132	Derval
2133	Boulogne-sur-Gesse
2134	Auch-Sud-Ouest
2135	Clary
2136	Eauze
2137	Aignan
2138	Bailleul-Nord-Est
2139	Vatan
2140	Rocheservière
2141	La Roche-sur-Yon-Sud
2142	Charroux
2143	Villebon-sur-Yvette
2144	Tonnay-Charente
2145	Le Mée-sur-Seine
2146	Bort-les-Orgues
2147	Ambazac
2148	Le Lauzet-Ubaye
2149	Marseille, 13e arrondissement
2150	La Chapelle-Saint-Luc
2151	Marmoutier
2152	La Chambre
2153	Seignelay
2154	Olivet
2155	Solre-le-Château
2156	Berlaimont
2157	Narbonne-Sud
2158	Chaumont-en-Vexin
2159	Montsalvy
2160	L'Haÿ-les-Roses
2161	Monéteau
2162	Berre-l'Étang
2163	Villemur-sur-Tarn
2164	Valence-sur-Baïse
2165	Auvillar
2166	Nérac
2167	Puymirol
2168	Damazan
2169	Astaffort
2170	Lannemezan
2171	Séméac
2172	Guéret-Nord
2173	Saint-Étienne-Nord-Ouest-1
2174	Fleury-les-Aubrais
2175	Cognac-Sud
2176	Neufchâtel-en-Bray
2177	Brest-Cavale-Blanche-Bohars-Guilers
2178	Montmarault
2179	Péronnas
2180	Treffort-Cuisiat
2181	Villers-Farlay
2182	Barenton
2183	Saint-Jeoire
2184	Marignane
2185	Moncoutant
2186	Rosny-sous-Bois
2187	Saint-Estève
2188	Cergy
2189	Guérigny
2190	Morteau
2191	Haubourdin
2192	Aramits
2193	Matha
2194	Sannois
2195	Flize
2196	Vézelay
2197	Reyrieux
2198	Asfeld
2199	Fismes
2200	Maîche
2201	Saint-Flour-Nord
2202	Saint-Germain-lès-Corbeil
2203	Campan
2204	Fontaine-Seyssinet
2205	Wittenheim
2206	Vinça
2207	Vézénobres
2208	Valleraugue
2209	Alès-Nord-Est
2210	Mende
2211	Beine-Nauroy
2212	Bourg-Lastic
2213	Dreux-Sud
2214	Aixe-sur-Vienne
2215	Meaux-Nord
2216	Villefranche-du-Périgord
2217	Heyrieux
2218	Vinay
2219	Quingey
2220	Montbenoît
2221	Amancey
2222	Boussières
2223	Palluau
2224	Andelot-Blancheville
2225	Coussey
2226	Chaource
2227	L'Aigle
2228	Vimoutiers
2229	Saint-Léonard-de-Noblat
2230	Loriol-sur-Drôme
2231	Barlin
2232	Dieulouard
2233	Fauquembergues
2234	Bligny-sur-Ouche
2235	Courtenay
2236	Alençon
2237	Vercel-Villedieu-le-Camp
2238	Saint-Agrève
2239	Mauléon-Barousse
2240	Lunéville-Sud
2241	Boissy-Saint-Léger
2242	La Ferté-Alais
2243	Vibraye
2244	La Motte-Servolex
2245	Sotteville-lès-Rouen
2246	Audruicq
2247	Pouyastruc
2248	San-Martino-di-Lota
2249	Quissac
2250	Tiercé
2251	Tonnerre
2252	La Ferté-Macé
2253	Saint-Hippolyte
2254	Billère
2255	Alaigne
2256	Signy-l'Abbaye
2257	Quimper  2e  Canton
2258	Alençon  3e  Canton
2259	Latour-de-France
2260	Cazals
2261	La Châtaigneraie
2262	Veyre-Monton
2263	Manosque-Sud-Ouest
2264	Champs-sur-Tarentaine-Marchal
2265	Manzat
2266	Bar-sur-Aube
2267	Châlons-en-Champagne  2e  Canton
2268	Saint-Symphorien
2269	Albertville
2270	Olette
2271	Tonnay-Boutonne
2272	Saint-Cyr-sur-Loire
2273	Damville
2274	Seiches-sur-le-Loir
2275	Taulé
2276	Bédarieux
2277	Merville
2278	Boos
2279	Baume-les-Dames
2280	Roulans
2281	Caumont-l'Éventé
2282	Reims  5e  Canton
2283	Routot
2284	Port-Sainte-Marie
2285	Lury-sur-Arnon
2286	Choisy-le-Roi
2287	Maringues
2288	La Grand-Croix
2289	Fontenay-aux-Roses
2290	Issoudun-Nord
2291	Roanne-Nord
2292	Durtal
2293	Salbris
2294	Hochfelden
2295	Saint-Lô-Ouest
2296	Argenteuil
2297	Saint-Gengoux-le-National
2298	Elven
2299	Wingles
2300	Lamure-sur-Azergues
2301	Le Creusot
2302	Saint-Gervais-d'Auvergne
2303	Le Mas-d'Agenais
2304	Viroflay
2305	Châtenay-Malabry
2306	Cachan
2307	Mont-Saint-Martin
2308	Saint-Avold  2e  Canton
2309	Badonviller
2310	Saint-Pierre-le-Moûtier
2311	Hazebrouck-Sud
2312	Marchaux
2313	Torigni-sur-Vire
2314	Les Cabannes
2315	Varilhes
2316	Albertville-Sud
2317	Vihiers
2318	Sézanne
2319	Saint-Quentin-Sud
2320	Saint-Simon
2321	Hazebrouck-Nord
2322	Petreto-Bicchisano
2323	Saint-Pierre-sur-Dives
2324	Roissy-en-Brie
2325	Livarot
2326	Niolu-Omessa
2327	Rioz
2328	Saint-Julien-l'Ars
2329	Montagrier
2330	Courçon
2331	Le Mans-Sud-Est
2332	Pacy-sur-Eure
2333	Saint-André-de-l'Eure
2334	Ossun
2335	Les Andelys
2336	Lanta
2337	Marcillat-en-Combraille
2338	Bron
2339	Mont-de-Marsan-Nord
2340	Hédé
2341	Mayenne
2342	Lagnieu
2343	Rosans
2344	Viverols
2345	Villersexel
2346	Marcillac-Vallon
2347	Courpière
2348	Vertaizon
2349	Billom
2350	Saint-Germain-l'Herm
2351	Zicavo
2352	Aigueperse
2353	Massy
2354	Chazelles-sur-Lyon
2355	Montmirail
2356	Fruges
2357	Avion
2358	Arras-Nord
2359	Oloron-Sainte-Marie-Est
2360	Bois-Colombes
2361	Le Grand-Serre
2362	Samatan
2363	Barbazan
2364	Plélan-le-Petit
2365	Montceau-les-Mines-Sud
2366	Montagnac
2367	Saint-Martin-de-Londres
2368	Miélan
2369	Valmont
2370	Puylaurens
2371	Échirolles-Est
2372	Duras
2373	Auterive
2374	Caudebec-en-Caux
2375	Lillebonne
2376	La Salvetat-sur-Agout
2377	Saint-Loup-Lamairé
2378	Pontrieux
2379	Montauban  1er Canton
2380	Mirebeau-sur-Bèze
2381	Masevaux
2382	Alès-Ouest
2383	Perpignan  3e  Canton
2384	Chauny
2385	Vielmur-sur-Agout
2386	Villé
2387	Montastruc-la-Conseillère
2388	Mitry-Mory
2389	Bourbonne-les-Bains
2390	La Bassée
2391	Combles
2392	Croisilles
2393	Saint-Haon-le-Châtel
2394	Frangy
2395	Le Blanc-Mesnil
2396	Cruzy-le-Châtel
2397	Montbard
2398	Laignes
2399	Mâcon-Nord
2400	Guillon
2401	Montfort-sur-Meu
2402	Châteaugiron
2403	Brioux-sur-Boutonne
2404	Tourcoing-Nord-Est
2405	Auneuil
2406	Caen  8e  Canton
2407	Le Mêle-sur-Sarthe
2408	Decazeville
2409	Salies-de-Béarn
2410	Neuvy-le-Roi
2411	Massiac
2412	Montpezat-de-Quercy
2413	Sainte-Livrade-sur-Lot
2414	Aubigny-sur-Nère
2415	Chârost
2416	Châlette-sur-Loing
2417	Nègrepelisse
2418	Mérignac  2e  Canton
2419	Auxerre-Est
2420	Cuisery
2421	Rieumes
2422	Saint-Paul-de-Fenouillet
2423	Floirac
2424	Ancenis
2425	Dun-sur-Meuse
2426	Naucelle
2427	Thiers
2428	Annonay
2429	Toulouges
2430	Fresnes-en-Woëvre
2431	Givet
2432	Condé-sur-Noireau
2433	Villandraut
2434	Vernon-Sud
2435	Ardes
2436	Sauxillanges
2437	Caudebec-lès-Elbeuf
2438	Branne
2439	Nice 13e  Canton
2440	Quimper  3e  Canton
2441	Saint-Héand
2442	Toul-Nord
2443	Quintin
2444	Noyant
2445	Friville-Escarbotin
2446	Parthenay
2447	Longueville-sur-Scie
2448	Bourdeaux
2449	Eaubonne
2450	Pontvallain
2451	Verteillac
2452	Saint-Savinien
2453	Saint-Pierre-des-Corps
2454	Le Châtelard
2455	Saint-Gervais-sur-Mare
2456	Saint-Germain-du-Teil
2457	Saint-Avertin
2458	Lomme
2459	Pont-de-Roide
2460	Pau-Sud
2461	Joigny
2462	Audeux
2463	Domart-en-Ponthieu
2464	Mas-Cabardès
2465	Chalabre
2466	Ailly-le-Haut-Clocher
2467	Moissac  1er Canton
2468	Méréville
2469	La Javie
2470	Saint-Loup-sur-Semouse
2471	Retournac
2472	Monistrol-sur-Loire
2473	Aurec-sur-Loire
2474	Seclin-Sud
2475	Pontaumur
2476	Sedan-Nord
2477	Cloyes-sur-le-Loir
2478	Brienne-le-Château
2479	Montluçon-Ouest (2e Canton)
2480	Orthez
2481	Neuf-Brisach
2482	Villeneuve-le-Roi
2483	Gamaches
2484	Le Fousseret
2485	Salvagnac
2486	Saint-Palais
2487	Bidache
2488	Longué-Jumelles
2489	Abbeville-Nord
2490	Aulnay-sous-Bois
2491	Brou
2492	Huriel
2493	Évreux-Ouest
2494	Évreux-Est
2495	Conches-en-Ouche
2496	Gaillon-Campagne
2497	Louviers
2498	Évreux-Sud
2499	Breteuil
2500	Saint-Beauzély
2501	Langeac
2502	Aurillac  2e  Canton
2503	Laval-Nord-Est
2504	Molières
2505	Saint-Paulien
2506	Ardentes
2507	Seyches
2508	Lauzun
2509	Monségur
2510	La Tour-d'Auvergne
2511	Delme
2512	Seichamps
2513	Gimont
2514	Veynes
2515	Le Lion-d'Angers
2516	Melle
2517	Saint-Leu-la-Forêt
2518	Catus
2519	Lagor
2520	Montchanin
2521	Le Fossat
2522	Saint-Étienne-de-Saint-Geoirs
2523	Estrées-Saint-Denis
2524	Le Mas-d'Azil
2525	Montrevel-en-Bresse
2526	Saint-Nicolas-de-la-Grave
2527	Celles-sur-Belle
2528	Ferrières-en-Gâtinais
2529	Le Thillot
2530	Dangé-Saint-Romain
2531	Saint-Saëns
2532	Brive-la-Gaillarde-Sud-Ouest
2533	Saint-Martin-d'Auxigny
2534	Marans
2535	La Bâtie-Neuve
2536	Gournay-en-Bray
2537	Longny-au-Perche
2538	Fresne-Saint-Mamès
2539	Jumilhac-le-Grand
2540	Léré
2541	Valgorge
2542	Lapalisse
2543	Notre-Dame-de-Bondeville
2544	Yzeure
2545	Limoges-Condat
2546	Louviers-Sud
2547	Mussy-sur-Seine
2548	Fontenay-sous-Bois
2549	Mayet
2550	Corbeil-Essonnes
2551	Sainte-Savine
2552	Montesquieu-Volvestre
2553	L'Isle-en-Dodon
2554	Rieux-Volvestre
2555	Castelnaudary-Sud
2556	Florange
2557	Foix-Rural
2558	Saint-Gildas-des-Bois
2559	Selles-sur-Cher
2560	Bécherel
2561	Dax-Sud
2562	Pouillon
2563	Cuq-Toulza
2564	Questembert
2565	Villeréal
2566	Boussac
2567	Boën
2568	Soissons
2569	Lillers
2570	Beaumont-le-Roger
2571	Bugeat
2572	Cambrin
2573	Bruay-la-Buissière
2574	Soissons-Sud
2575	Aigre
2576	Saint-Dizier-Nord-Est
2577	Mortagne-au-Perche
2578	Rohan
2579	Sainte-Sigolène
2580	Verfeil
2581	Le Cheylard
2582	Claret
2583	Loudes
2584	Mende-Sud
2585	Soissons-Nord
2586	Montbéliard-Ouest
2587	Plancoët
2588	Quesnoy-sur-Deûle
2589	Rochechouart
2590	Aunay-sur-Odon
2591	Le Grand-Lemps
2592	Réchicourt-le-Château
2593	Boulay-Moselle
2594	Châtenois-les-Forges
2595	Cattenom
2596	Albertville-Nord
2597	Châtillon-en-Diois
2598	Grand-Champ
2599	Mouthoumet
2600	Châtillon-en-Bazois
2601	Entrevaux
2602	Bully-les-Mines
2603	Domont
2604	Marigny
2605	Latronquière
2606	Le Blanc
2607	Renwez
2608	Vic-le-Comte
2609	Ouzouer-sur-Loire
2610	Mazamet-Sud-Ouest
2611	Albi-Ouest
2612	Vézins-de-Lévézou
2613	Cornus
2614	Saint-Donat-sur-l'Herbasse
2615	Lourdes-Est
2616	Liévin-Sud
2617	Saint-Ismier
2618	Brioude-Nord
2619	Vigneux-sur-Seine
2620	Alençon  1er Canton
2621	Saint-Just-Saint-Rambert
2622	Vouillé
2623	Saint-Germain-Laval
2624	Romans-sur-Isère  2e  Canton
2625	Beaurepaire
2626	Roybon
2627	Thenon
2628	Rochemaure
2629	Pont-de-Chéruy
2630	Pau-Ouest
2631	Quillebeuf-sur-Seine
2632	Châtillon-sur-Loire
2633	Vergt
2634	Saint-Astier
2635	Mouzon
2636	Châteauneuf-en-Thymerais
2637	Arc-en-Barrois
2638	La Côte-Saint-André
2639	Crécy-sur-Serre
2640	Mauzé-sur-le-Mignon
2641	Angers-Est
2642	Oyonnax-Sud
2643	Saint-André-de-Valborgne
2644	Dunkerque-Ouest
2645	Dreux-Est
2646	Valdoie
2647	Lure
2648	Annonay-Sud
2649	Bourganeuf
2650	La Courneuve
2651	Amiens  1er (Ouest)
2652	Donzenac
2653	Aulnay
2654	Bénévent-l'Abbaye
2655	Pradelles
2656	Saint-Étienne-en-Dévoluy
2657	Saintes-Nord
2658	Nay
2659	Ermont
2660	Francescas
2661	Saint-Porchaire
2662	Pont-d'Ain
2663	Formerie
2664	Dannemarie
2665	Ussel
2666	Meymac
2667	Sennecey-le-Grand
2668	Bezons
2669	Ruffec
2670	Aubin
2671	Rodez-Ouest
2672	Hauteville-Lompnes
2673	Lezoux
2674	Podensac
2675	L'Etang de l'Olivier
2676	Mortain
2677	Amfreville-la-Campagne
2678	Crécy-en-Ponthieu
2679	Montpellier  2e  Canton
2680	Saint-Florent-le-Vieil
2681	Harnes
2682	Corcieux
2683	Angers-Trélazé
2684	Roquecourbe
2685	Mirande
2686	Oust
2687	Gerbéviller
2688	Rambervillers
2689	Montlhéry
2690	La Guiche
2691	Chabanais
2692	Bains-les-Bains
2693	Le Pont-de-Montvert
2694	Limoges-Isle
2695	Grisolles
2696	Orbec
2697	Villiers-le-Bel
2698	La Rochelle  8e  Canton
2699	Les Ulis
2700	Saint-Mamet-la-Salvetat
2701	Nocé
2702	Thiéblemont-Farémont
2703	Rougemont
2704	Marseille-en-Beauvaisis
2705	Auneau
2706	Saint-Dizier-Ouest
2707	Coudekerque-Branche
2708	Figeac-Ouest
2709	Juillac
2710	Château-Gontier-Est
2711	Chaussin
2712	Hiersac
2713	Vendôme  2e  Canton
2714	Ressons-sur-Matz
2715	Roquefort
2716	Athis-de-l'Orne
2717	Falaise-Nord
2718	Brioude
2719	Jarnac
2720	Axat
2721	Saint-Mars-la-Jaille
2722	Le Bourget
2723	Arreau
2724	Plouigneau
2725	Fougères-Sud
2726	Le Portel
2727	Bourbon-Lancy
2728	Pavilly
2729	Nexon
2730	Châtillon-sur-Marne
2731	Limoges-Couzeix
2732	Lasalle
2733	Chef-Boutonne
2734	Montembœuf
2735	Lessay
2736	Étrépagny
2737	Le Puy-en-Velay-Nord
2738	Damvillers
2739	Gaillon
2740	Le Quesnoy-Ouest
2741	La Motte-du-Caire
2742	Ligné
2743	Vervins
2744	Guise
2745	Éguzon-Chantôme
2746	Nouvion
2747	Mauvezin
2748	Lons-le-Saunier-Sud
2749	La Chaise-Dieu
2750	Baraqueville-Sauveterre
2751	Argentan
2752	Vicdessos
2753	Longuyon
2754	Vesoul-Ouest
2755	Saint-Jean-Soleymieux
2756	Ris-Orangis
2757	Hondschoote
2758	Bretenoux
2759	Grostenquin
2760	Aurillac  4e  Canton
2761	Seyssel
2762	Saint-Nicolas-de-Port
2763	Metzervisse
2764	Laventie
2765	Épinac
2766	Imphy
2767	La Guerche-sur-l'Aubois
2768	La Charité-sur-Loire
2769	Saint-Germain-du-Bel-Air
2770	Rebais
2771	Nantiat
2772	Alfortville
2773	Luc-en-Diois
2774	Le Neubourg
2775	Beaumont-sur-Sarthe
2776	Plouha
2777	Bricquebec
2778	Vaubecourt
2779	Navarrenx
2780	Plouzévédé
2781	Darnétal
2782	Levroux
2783	Agen-Ouest
2784	Montfermeil
2785	Troarn
2786	Fleurance
2787	Cysoing
2788	Les Aix-d'Angillon
2789	Gap-Campagne
2790	Saint-Chéron
2791	Châteaubourg
2792	Guichen
2793	Saint-Pardoux-la-Rivière
2794	Fontaine-le-Dun
2795	Algrange
2796	Besançon-Est
2797	Bayonne-Nord
2798	Isigny-le-Buat
2799	Castelmoron-sur-Lot
2800	Villefranche-d'Albigeois
2801	Cadalen
2802	Chomérac
2803	Saint-Junien-Est
2804	Sedan-Est
2805	Elbeuf
2806	Châteauponsac
2807	Neuilly-Saint-Front
2808	Chambon-sur-Voueize
2809	Fanjeaux
2810	Cayres
2811	Marnay
2812	Signy-le-Petit
2813	Malzéville
2814	Le Parcq
2815	Le Russey
2816	Saint-Anthème
2817	Artenay
2818	Matour
2819	Carmaux
2820	Lumbres
2821	Cléry-Saint-André
2822	Fumel
2823	Doulaincourt-Saucourt
2824	Nieul
2825	Évreux-Nord
2826	Chénérailles
2827	Marmande-Ouest
2828	Pélussin
2829	Mont-Saint-Vincent
2830	Gueugnon
2831	Pontacq
2832	Châteauneuf-sur-Loire
2833	Cergy-Nord
2834	Bléneau
2835	Châtillon-Coligny
2836	Ceyzériat
2837	Londinières
2838	Chailland
2839	Chaumont-Sud
2840	Lignières
2841	Vorey
2842	Salies-du-Salat
2843	Châtillon-sur-Indre
2844	Le Pecq
2845	Châtillon
2846	Cahors-Nord-Est
2847	Vic-sur-Seille
2848	Neuville-de-Poitou
2849	La Roche-Canillac
2850	Caylus
2851	Viry-Châtillon
2852	Castelnaudary-Nord
2853	Trévoux
2854	Digne-les-Bains-Ouest
2855	Douai-Sud-Ouest
2856	Machecoul
2857	Vitteaux
2858	Mirecourt
2859	Courville-sur-Eure
2860	Buchy
2861	Varades
2862	Saint-Amour
2863	Nevers-Sud
2864	Rocroi
2865	Montbazens
2866	Gagny
2867	Pesmes
2868	Sousceyrac
2869	Pange
2870	Villerupt
2871	Herserange
2872	Haroué
2873	Prahecq
2874	Tuffé
2875	Tonneins
2876	Prayssas
2877	Bourguébus
2878	Bussière-Badil
2879	Luzy
2880	Narbonne-Ouest
2881	Brossac
2882	Avesnes-sur-Helpe-Nord
2883	Saint-Julien-Chapteuil
2884	Moyeuvre-Grande
2885	Vigy
2886	Équeurdreville-Hainneville
2887	Cambrai-Est
2888	Beynat
2889	Allanche
2890	Albi-Est
2891	Monestiés
2892	Donzy
2893	Pervenchères
2894	Exmes
2895	Évrecy
2896	Marmande-Est
2897	Gray
2898	Oisemont
2899	Arnay-le-Duc
2900	Iholdy
2901	Oloron-Sainte-Marie-Ouest
2902	La Bastide-de-Sérou
2903	Barbezieux-Saint-Hilaire
2904	Sainte-Suzanne
2905	Dormans
2906	Ernée
2907	Soulaines-Dhuys
2908	Voves
2909	Auxonne
2910	Ribiers
2911	Pierrefontaine-les-Varans
2912	Saint-Hippolyte-du-Fort
2913	Aubusson
2914	Châtellerault-Ouest
2915	Vaires-sur-Marne
2916	Mortrée
2917	Nangis
2918	Thouars  1er Canton
2919	Argent-sur-Sauldre
2920	Saintes-Ouest
2921	Lorrez-le-Bocage-Préaux
2922	Arlanc
2923	Tulle-Campagne-Nord
2924	Cognin
2925	Troyes  4e  Canton
2926	Sancoins
2927	Pouancé
2928	Morlaàs
2929	Montauban-de-Bretagne
2930	Dieppe-Est
2931	Chantonnay
2932	Poitiers  1er Canton
2933	Preuilly-sur-Claise
2934	Saint-Hilaire-de-Villefranche
2935	Saint-Fulgent
2936	Seuil-d'Argonne
2937	Descartes
2938	Varennes-sur-Allier
2939	Le Cateau-Cambrésis
2940	Le Quesnoy-Est
2941	Barrême
2942	Mayenne-Ouest
2943	Bais
2944	Gorron
2945	Sombernon
2946	Auch-Sud-Est-Seissan
2947	Lisle-sur-Tarn
2948	Saint-Clar
2949	Labrit
2950	Eygurande
2951	Conliège
2952	Champagne-Mouton
2953	Stains
2954	Mauriac
2955	Landrecies
2956	Saint-Amans-Soult
2957	Ancy-le-Franc
2958	Jullouville
2959	Grigny
2960	Angers-Nord-Est
2961	Saint-Pons-de-Thomières
2962	Mens
2963	Saint-Ciers-sur-Gironde
2964	Saint-Symphorien-de-Lay
2965	Noisiel
2966	Saint-Béat
2967	Avesnes-sur-Helpe
2968	La Salvetat-Peyralès
2969	Izernore
2970	Loué
2971	Saint-Sernin-sur-Rance
2972	Sauzé-Vaussais
2973	Bégard
2974	Châteauneuf-de-Randon
2975	Mercœur
2976	Plaisance
2977	Trie-sur-Baïse
2978	Saint-Michel-sur-Orge
2979	Alto-di-Casaconi
2980	Quarré-les-Tombes
2981	Belcaire
2982	Beaune-la-Rolande
2983	Sains-en-Gohelle
2984	Louviers-Nord
2985	Saint-Aubin-du-Cormier
2986	Maubeuge-Sud
2987	Anzin
2988	Moÿ-de-l'Aisne
2989	Massat
2990	Saint-Jean-de-la-Ruelle
2991	Grandpré
2992	Vouziers
2993	Buzancy
2994	Romans-sur-Isère  1er Canton
2995	Saint-André-les-Alpes
2996	Beaufort-en-Vallée
2997	Saint-Jean-Brévelay
2998	Crèvecœur-le-Grand
2999	Brioude-Sud
3000	Montredon-Labessonnié
3001	Saint-Martory
3002	Castillon-en-Couserans
3003	La Haye-Pesnel
3004	Olliergues
3005	Châtenois
3006	Confolens
3007	Magnac-Laval
3008	Saint-Firmin
3009	Saint-Jean-le-Blanc
3010	Dampierre
3011	Bolbec
3012	Monthermé
3013	Cerizay
3014	Neuville-aux-Bois
3015	Montsûrs
3016	Villebois-Lavalette
3017	Malicorne-sur-Sarthe
3018	Pierre-Buffière
3019	Château-Gontier-Ouest
3020	Saint-Berthevin
3021	Corbeil-Essonnes-Ouest
3022	Delle
3023	Vic-en-Bigorre
3024	Valbonnais
3025	Albi-Nord-Ouest
3026	Châteauneuf-la-Forêt
3027	Chéroy
3028	Gémozac
3029	Miradoux
3030	Bray-sur-Seine
3031	Allègre
3032	Chalamont
3033	Brénod
3034	Écommoy
3035	Tannay
3036	Lavardac
3037	Falaise-Sud
3038	Villeneuve-Saint-Georges
3039	Liffré
3040	Manosque-Sud-Est
3041	Lencloître
3042	Romilly-sur-Seine
3043	Pont-de-Veyle
3044	Lorris
3045	Beaumesnil
3046	Graulhet
3047	Noirétable
3048	Puiseaux
3049	Lassay-les-Châteaux
3050	Mugron
3051	Colmar-Sud
3052	Captieux
3053	Saint-Laurent-de-Chamousset
3054	Poitiers  6e  Canton
3055	Poitiers  2e  Canton
3056	Le Grand-Lucé
3057	Château-Renard
3058	Rouillac
3059	Réquista
3060	Pionsat
3061	Lhuis
3062	Legé
3063	Saint-Lizier
3064	Cusset-Sud
3065	Bourgtheroulde-Infreville
3066	Candé
3067	Caraman
3068	Scaër
3069	Villars-sur-Var
3070	Pont-sur-Yonne
3071	Autun-Sud
3072	Saint-Félicien
3073	Bayon
3074	Saint-Pierre-d'Albigny
3075	Norrent-Fontes
3076	Saint-Dié-des-Vosges-Ouest
3077	Saint-Amand-en-Puisaye
3078	Saint-Vaury
3079	Villeneuve-l'Archevêque
3080	Messei
3081	Digne-les-Bains-Est
3082	Monclar
3083	Masseube
3084	Confolens-Sud
3085	Confolens-Nord
3086	Mauléon
3087	Sillé-le-Guillaume
3088	Saint-Jean-de-Losne
3089	Chamoux-sur-Gelon
3090	Novion-Porcien
3091	Dijon  5e  Canton
3092	Solignac-sur-Loire
3093	Ploudiry
3094	Saint-Nicolas-du-Pélem
3095	Neuilly-l'Évêque
3096	Saint-Bonnet-le-Château
3097	Montluçon-Est (4e Canton)
3098	Commentry
3099	Domérat-Montluçon-Nord-Ouest
3100	Le Chambon-Feugerolles
3101	Henrichemont
3102	Montendre
3103	Marines
3104	Pré-en-Pail
3105	Ouzouer-le-Marché
3106	Charleville-Centre
3107	Rieupeyroux
3108	Raucourt-et-Flaba
3109	Buxy
3110	Larche
3111	Saint-Germain-du-Bois
3112	Envermeu
3113	Chaulnes
3114	Malesherbes
3115	Acheux-en-Amiénois
3116	Néronde
3117	Varennes-en-Argonne
3118	Montréjeau
3119	Saint-Germain-les-Belles
3120	Fours
3121	Le Grand-Bourg
3122	Pleaux
3123	Chécy
3124	Charny
3125	Beaumont-de-Lomagne
3126	Lavoûte-Chilhac
3127	Darney
3128	Jussey
3129	Champlitte
3130	Lembeye
3131	Garlin
3132	Tilly-sur-Seulles
3133	Bierné
3134	Lusignan
3135	Douai-Nord
3136	La Capelle
3137	Bailleul-Sud-Ouest
3138	Vernoux-en-Vivarais
3139	Évaux-les-Bains
3140	La Fère
3141	La Fresnaye-sur-Chédouet
3142	Mamers
3143	Sarralbe
3144	Amiens  8e  (Nord)
3145	Archiac
3146	Montfort-sur-Risle
3147	Port-sur-Saône
3148	Audun-le-Roman
3149	Grenade-sur-l'Adour
3150	Les Riceys
3151	Volmunster
3152	Nozeroy
3153	Château-Landon
3154	Avignon-Est
3155	Saint-Calais
3156	Calais-Centre
3157	Fontaine-Sassenage
3158	Carnières
3159	Saint-Just-en-Chevalet
3160	Saint-Just-en-Chaussée
3161	Rabastens
3162	Ligny-en-Barrois
3163	Poissons
3164	Chanac
3165	La Barthe-de-Neste
3166	Seltz
3167	Argentré-du-Plessis
3168	Montcenis
3169	Canisy
3170	Flers-Nord
3171	Heuchin
3172	Villefagnan
3173	Vouneuil-sur-Vienne
3174	Ervy-le-Châtel
3175	Chauffailles
3176	Laroque-Timbaut
3177	La Mothe-Saint-Héray
3178	Amiens  3e  (Nord-Est)
3179	Moreuil
3180	Trèves
3181	Saint-Martin-de-Valamas
3182	Moulins-Sud
3183	Virieu-le-Grand
3184	Vesoul-Est
3185	Fontaine-Française
3186	Lanouaille
3187	Guémené-sur-Scorff
3188	Aubenton
3189	Cormeilles
3190	Thiberville
3191	Saint-Georges-du-Vièvre
3192	Poitiers  4e  Canton
3193	Patay
3194	Beauvoir-sur-Niort
3195	Jargeau
3196	Clerval
3197	Flogny-la-Chapelle
3198	Condé-sur-l'Escaut
3199	Campagnac
3200	Castelsarrasin  2e  Canton
3201	Le Horps
3202	Argentan-Ouest
3203	Auch-Nord-Ouest
3204	Cusset
3205	Stenay
3206	Châtellerault-Sud
3207	Beaurepaire-en-Bresse
3208	Auch-Nord-Est
3209	Grancey-le-Château-Neuvelle
3210	Bray-sur-Somme
3211	Saintes-Est
3212	Grignols
3213	Vailly-sur-Aisne
3214	Béthune-Nord
3215	La Guerche-de-Bretagne
3216	Pamiers-Ouest
3217	Alès-Sud-Est
3218	Fleury-sur-Andelle
3219	Cadours
3220	Auxerre-Sud-Ouest
3221	Bas-en-Basset
3222	Oyonnax-Nord
3223	Meilhan-sur-Garonne
3224	Doulevant-le-Château
3225	Longeau-Percey
3226	Angers-Nord-Ouest
3227	Angers-Nord
3228	Loulay
3229	Plœuc-sur-Lié
3230	Gacé
3231	Pampelonne
3232	Blanzac-Porcheresse
3233	Auxi-le-Château
3234	Montbozon
3235	Gentioux-Pigerolles
3236	Ussel-Ouest
3237	Arzano
3238	Behren-lès-Forbach
3239	Saint-Julien-du-Sault
3240	La Rochette
3241	Mareuil-sur-Lay-Dissais
3242	Saint-Sever-Calvados
3243	Genlis
3244	Savigny-le-Temple
3245	Montaigu-de-Quercy
3246	Saint-Trivier-de-Courtes
3247	Randan
3248	Picquigny
3249	Paulhaguet
3250	Cléguérec
3251	Calais-Est
3252	Gy
3253	Saint-Martin-en-Bresse
3254	Chalon-sur-Saône-Ouest
3255	Void-Vacon
3256	Saint-Dizier-Sud-Est
3257	Bletterans
3258	Bruyères
3259	Tomblaine
3260	L'Isle-sur-le-Doubs
3261	Offemont
3262	Saint-Sauveur
3263	Lacapelle-Marival
3264	Manosque-Nord
3265	Dieuze
3266	Juniville
3267	Laon-Sud
3268	Coucy-le-Château-Auffrique
3269	Rugles
3270	Liancourt
3271	La Machine
3272	Saint-Aubin-d'Aubigné
3273	Barre-des-Cévennes
3274	Montdidier
3275	Montrevault
3276	Cholet  1er Canton
3277	Seilhac
3278	Plouagat
3279	Lanvollon
3280	Lure-Sud
3281	Spincourt
3282	Annot
3283	Écouché
3284	Ambrières-les-Vallées
3285	Menton-Est
3286	Lasseube
3287	Saint-Germain-en-Laye-Nord
3288	Saint-Paul-Cap-de-Joux
3289	Romorantin-Lanthenay-Sud
3290	Villeneuve-sur-Lot-Sud
3291	Landivy
3292	Morteaux-Coulibœuf
3293	Maubeuge-Nord
3294	Auzon
3295	Lille-Nord-Est
3296	Hirson
3297	Tergnier
3298	Saint-Christophe-en-Bazelle
3299	Bellegarde
3300	Ménigoute
3301	Bouchain
3302	Bellegarde-en-Marche
3303	Saint-Benin-d'Azy
3304	Brezolles
3305	Ribécourt-Dreslincourt
3306	Le Merlerault
3307	La Ferté-Frênel
3308	Marcilly-le-Hayer
3309	Divion
3310	Pamiers-Est
3311	Prémery
3312	Is-sur-Tille
3313	Carrouges
3314	Riaillé
3315	Vaour
3316	Brienon-sur-Armançon
3317	Plouguenast
3318	Castres-Ouest
3319	Saint-Rambert-en-Bugey
3320	Blesle
3321	Issoudun-Sud
3322	Alleyras
3323	Les Pavillons-sous-Bois
3324	Dun-sur-Auron
3325	Commercy
3326	Leforest
3327	Lombez
3328	Lafrançaise
3329	Saint-Maixent-l'École  2e  Canton
3330	Avesnes-le-Comte
3331	Felletin
3332	Sainte-Geneviève-sur-Argence
3333	Nesle
3334	Saint-Cernin
3335	Le Bény-Bocage
3336	Pierre-de-Bresse
3337	Saint-Mamert-du-Gard
3338	Alzon
3339	Castelnau-Montratier
3340	Carmaux-Nord
3341	Saint-Flour-Sud
3342	Plabennec
3343	Estissac
3344	Grandrieu
3345	Tournay
3346	Sore
3347	Vézelise
3348	Pas-en-Artois
3349	Le Mans-Nord-Campagne
3350	Le Nouvion-en-Thiérache
3351	Saint-Amant-Roche-Savine
3352	Albestroff
3353	Domèvre-en-Haye
3354	Nogent-le-Roi
3355	Clermont-en-Argonne
3356	Vitry-le-François-Est
3357	Saint-Mathieu
3358	Baugy
3359	Vendôme  1er Canton
3360	Saint-Rémy-sur-Durolle
3361	Savigny-sur-Braye
3362	Combronde
3363	Montret
3364	Montlieu-la-Garde
3365	Conty
3366	Grandvilliers
3367	Levet
3368	Chartres-Sud-Est
3369	Cusset-Nord
3370	Saint-Benoît-du-Sault
3371	Jarnages
3372	Coulonges-sur-l'Autize
3373	Bernay-Ouest
3374	Saint-Sauveur-Lendelin
3375	Rosières-en-Santerre
3376	Montaner
3377	Garges-lès-Gonesse
3378	Revin
3379	Brouvelieures
3380	Villenauxe-la-Grande
3381	Champdeniers-Saint-Denis
3382	Saint-Amant-de-Boixe
3383	Mondoubleau
3384	Betz
3385	Le Puy-en-Velay-Sud-Ouest
3386	Nouzonville
3387	Attigny
3388	Saint-Amand-Longpré
3389	Moulins-Engilbert
3390	Coulanges-sur-Yonne
3391	Cosne-Cours-sur-Loire-Nord
3392	Hallencourt
3393	Saulzais-le-Potier
3394	Cassagnes-Bégonhès
3395	Bazoches-sur-Hoëne
3396	Tauves
3397	Villebrumier
3398	Lapleau
3399	La Motte-Chalancon
3400	Maignelay-Montigny
3401	Arinthod
3402	Briec
3403	Juvisy-sur-Orge
3404	Vezzani
3405	Selongey
3406	Bourbriac
3407	Millau-Est
3408	Doudeville
3409	Ourville-en-Caux
3410	Ahun
3411	Ramerupt
3412	Courtomer
3413	Jussac
3414	Bellencombre
3415	Vabre
3416	Royère-de-Vassivière
3417	Coligny
3418	Fénétrange
3419	Bar-le-Duc-Sud
3420	Grandvillars
3421	Beauville
3422	Les Bouchoux
3423	Castillonnès
3424	Rohrbach-lès-Bitche
3425	Bagneux
3426	Dreux-Ouest
3427	Migennes
3428	Saint-Sulpice-les-Feuilles
3429	Cossé-le-Vivien
3430	Dompaire
3431	Verdun-Centre
3432	Thiaucourt-Regniéville
3433	Abbeville-Sud
3434	Vertus
3435	Maure-de-Bretagne
3436	Le Puy-en-Velay-Ouest
3437	Saignes
3438	Garches
3439	Guîtres
3440	Maël-Carhaix
3441	Pierrefitte-sur-Aire
3442	Roquesteron
3443	Crocq
3444	Châlus
3445	Troyes  6e  Canton
3446	Saint-Sulpice-les-Champs
3447	Saint-Georges-en-Couzan
3448	Précy-sous-Thil
3449	Saint-Denis-Sud
3450	Étain
3451	Monts-sur-Guesnes
3452	Vailly-sur-Sauldre
3453	Revigny-sur-Ornain
3454	Authon-du-Perche
3455	Toul-Sud
3456	Châteauvillain
3457	Le Chesne
3458	Bonnat
3459	Monthureux-sur-Saône
3460	Valenton
3461	Cerisy-la-Salle
3462	Tinchebray
3463	Melun-Sud
3464	Omont
3465	Saint-Aignan-sur-Roë
3466	Saint-Seine-l'Abbaye
3467	Thénezay
3468	Charenton-du-Cher
3469	Belle-Isle-en-Terre
3470	Aiguebelle
3471	Esternay
3472	Prauthoy
3473	Nomeny
3474	Neuilly-le-Réal
3475	La Chapelle-d'Angillon
3476	Louvigné-du-Désert
3477	Colombey-les-Belles
3478	Orpierre
3479	Juvigny-le-Tertre
3480	Saint-Herblain-Ouest-Indre
3481	Chambley-Bussières
3482	Le Sel-de-Bretagne
3483	Tourouvre
3484	Le Montet
3485	Scey-sur-Saône-et-Saint-Albin
3486	La Trinité-Porhoët
3487	Écueillé
3488	Givry-en-Argonne
3489	Pontarion
3490	Bernaville
3491	Aureilhan
3492	Sancergues
3493	Recey-sur-Ource
3494	Blois  5e  Canton
3495	Lure-Nord
3496	Vitré-Est
3497	Montmirey-le-Château
3498	Quérigut
3499	Saulx
3500	Cognac-Nord
3501	Auchel
3502	Aubigny-en-Artois
3503	Charly-sur-Marne
3504	Lisieux  3e  Canton
3505	Avesnes-sur-Helpe-Sud
3506	Gondrecourt-le-Château
3507	Guiscard
3508	Sergines
3509	Saint-Laurent-sur-Gorre
3510	Châtelus-Malvaleix
3511	La Roche-Derrien
3512	Moisdon-la-Rivière
3513	Ballon
3514	Saint-Étienne-de-Lugdarès
3515	Vaucouleurs
3516	Lunéville-Nord
3517	Cahors-Sud
3518	Bonnétable
3519	Marolles-les-Braults
3520	Targon
3521	Chevagnes
3522	Vauvillers
3523	Houeillès
3524	Laurière
3525	Verdun-sur-Garonne
3526	Beaucourt
3527	Arleux
3528	Mainvilliers
3529	Loiron
3530	Nonancourt
3531	La Chèze
3532	Fauville-en-Caux
3533	Salles-sur-l'Hers
3534	Mazières-en-Gâtine
3535	Béthune-Est
3536	Perpignan  7e  Canton
3537	Douvrin
3538	Ennezat
3539	Héricourt-Ouest
3540	Saint-Saulge
3541	Conlie
3542	Châteldon
3543	Nogent
3544	Ussel-Est
3545	La Courtine
3546	Guéret-Sud-Ouest
3547	Saint-Amand-les-Eaux-Rive gauche
3548	La Trimouille
3549	Lisieux  2e  Canton
3550	Castelnau-Magnoac
3551	Dornes
3552	Tartas
3553	Rabastens-de-Bigorre
3554	Saint-Laurent-de-Neste
3555	Cherbourg-Octeville-Sud-Ouest
3556	Saint-Clair-sur-l'Elle
3557	Noyelles-sous-Lens
3558	Pellegrue
3559	Turriers
3560	Sourdeval
3561	Périers
3562	Uzel
3563	Chemin
3564	Montbarrey
3565	Anizy-le-Château
3566	Monthois
3567	Bourmont
3568	Héricourt-Est
3569	Lamarche
3570	Janville
3571	Château-Salins
3572	Blâmont
3573	Laferté-sur-Amance
3574	Lassigny
3575	Briouze
3576	Passais
3577	Figeac-Est
3578	Auzances
3579	Amiens  2e  (Nord-Ouest)
3580	Cintegabelle
3581	Grez-en-Bouère
3582	Ham
3583	Saint-Avold  1er Canton
3584	Vignory
3585	Marquion
3586	Vitré-Ouest
3587	Saint-Julien-de-Vouvantes
3588	Villeneuve-sur-Lot-Nord
3589	Lens-Nord-Ouest
3590	Collinée
3591	Machault
3592	Issy-l'Évêque
3593	Montpont-en-Bresse
3594	Mirebeau
3595	Argueil
3596	Galan
3597	Sournia
3598	Cholet  3e  Canton
3599	L'Hermenault
3600	Beauvais-Nord-Ouest
3601	Nevers-Nord
3602	Baigneux-les-Juifs
3603	Ribemont
3604	La Ferté-Vidame
3605	Marle
3606	Aignay-le-Duc
3607	Romorantin-Lanthenay-Nord
3608	Lacq
3609	Outarville
3610	Saint-Junien-Ouest
3611	Varzy
3612	Caulnes
3613	L'Aigle-Ouest
3614	Nérondes
3615	Couptrain
3616	Saint-Pois
3617	Wassy
3618	Belmont-de-la-Loire
3619	Mende-Nord
3620	Fère-Champenoise
3621	Rumigny
3622	Noyers-sur-Jabron
3623	Vitry-le-François-Ouest
3624	Chevillon
3625	Solesmes
3626	Caen  4e  Canton
3627	Froissy
3628	Montbéliard-Est
3629	Le Puy-en-Velay-Sud-Est
3630	Flers-Sud
3631	Mézières-Centre-Ouest
3632	Villiers-Saint-Georges
3633	Ancerville
3634	Montiers-sur-Saulx
3635	Belpech
3636	Molliens-Dreuil
3637	Droué
3638	Argenton-l'Église
3639	Cirey-sur-Vezouze
3640	Montigny-en-Gohelle
3641	Châteauneuf-sur-Cher
3642	Le Teilleul
3643	Orgères-en-Beauce
3644	Montélimar  1er Canton
3645	Corlay
3646	Laval-Est
3647	Vassy
3648	Brinon-sur-Beuvron
3649	Selommes
3650	Anglure
3651	Chavanges
3652	Amance
3653	Cerisiers
3654	Heiltz-le-Maurupt
3655	Chambéry-Nord
3656	Amiens  5e  (Sud-Est)
3657	Oulchy-le-Château
3658	Nevers-Est
3659	Hornoy-le-Bourg
3660	Tartas-Est
3661	Saint-Varent
3662	Anglès
3663	Saint-Bonnet-de-Joux
3664	Gendrey
3665	Roisel
